{"assets":[],"layers":[{"ddd":0,"ind":0,"ty":4,"nm":"Layer 23 Outlines","ks":{"o":{"k":100},"r":{"k":[{"i":{"x":[0.833],"y":[0.833]},"o":{"x":[0.167],"y":[0.167]},"n":["0p833_0p833_0p167_0p167"],"t":0,"s":[0],"e":[360]},{"t":74}]},"p":{"k":[180.405,87.537,0]},"a":{"k":[3.157,3.124,0]},"s":{"k":[{"i":{"x":[0.667,0.667,0.667],"y":[1,1,0.667]},"o":{"x":[0.333,0.333,0.333],"y":[0,0,0.333]},"n":["0p667_1_0p333_0","0p667_1_0p333_0","0p667_0p667_0p333_0p333"],"t":0,"s":[100,100,100],"e":[75,75,100]},{"i":{"x":[0.667,0.667,0.667],"y":[1,1,0.667]},"o":{"x":[0.333,0.333,0.333],"y":[0,0,0.333]},"n":["0p667_1_0p333_0","0p667_1_0p333_0","0p667_0p667_0p333_0p333"],"t":37,"s":[75,75,100],"e":[100,100,100]},{"t":74}]}},"ao":0,"shapes":[{"ty":"gr","it":[{"ind":0,"ty":"sh","ks":{"k":{"i":[[0.166,0],[0.118,0.117],[0,0],[-0.236,0.251],[-0.251,-0.237],[-0.008,-0.009],[0,0],[0.244,-0.244]],"o":[[-0.166,0],[0,0],[-0.251,-0.237],[0.237,-0.251],[0.009,0.008],[0,0],[0.244,0.244],[-0.117,0.117]],"v":[[2.219,2.874],[1.775,2.691],[-2.643,-1.729],[-2.669,-2.612],[-1.785,-2.637],[-1.758,-2.612],[2.66,1.808],[2.66,2.691]],"c":true}},"nm":"Path 1","mn":"ADBE Vector Shape - Group"},{"ty":"mm","mm":4,"nm":"Merge Paths 1","mn":"ADBE Vector Filter - Merge"},{"ty":"fl","fillEnabled":true,"c":{"k":[0.69,0,0.13,1]},"o":{"k":100},"nm":"Fill 1","mn":"ADBE Vector Graphic - Fill"},{"ty":"tr","p":{"k":[3.154,3.125],"ix":2},"a":{"k":[0,0],"ix":1},"s":{"k":[100,100],"ix":3},"r":{"k":0,"ix":6},"o":{"k":100,"ix":7},"sk":{"k":0,"ix":4},"sa":{"k":0,"ix":5},"nm":"Transform"}],"nm":"Group 1","np":3,"mn":"ADBE Vector Group"},{"ty":"gr","it":[{"ind":0,"ty":"sh","ks":{"k":{"i":[[0.166,0],[0,0.345],[-0.117,0.117],[0,0],[-0.244,-0.244],[0.244,-0.244],[0,0]],"o":[[-0.345,0],[0,-0.166],[0,0],[0.244,-0.244],[0.244,0.244],[0,0],[-0.117,0.117]],"v":[[-2.24,2.865],[-2.865,2.24],[-2.682,1.799],[1.736,-2.62],[2.62,-2.622],[2.621,-1.738],[-1.798,2.682]],"c":true}},"nm":"Path 1","mn":"ADBE Vector Shape - Group"},{"ty":"mm","mm":4,"nm":"Merge Paths 1","mn":"ADBE Vector Filter - Merge"},{"ty":"fl","fillEnabled":true,"c":{"k":[0.69,0,0.13,1]},"o":{"k":100},"nm":"Fill 1","mn":"ADBE Vector Graphic - Fill"},{"ty":"tr","p":{"k":[3.199,3.134],"ix":2},"a":{"k":[0,0],"ix":1},"s":{"k":[100,100],"ix":3},"r":{"k":0,"ix":6},"o":{"k":100,"ix":7},"sk":{"k":0,"ix":4},"sa":{"k":0,"ix":5},"nm":"Transform"}],"nm":"Group 2","np":3,"mn":"ADBE Vector Group"}],"ip":0,"op":76,"st":0,"bm":0,"sr":1},{"ddd":0,"ind":1,"ty":4,"nm":"Layer 22 Outlines","ks":{"o":{"k":100},"r":{"k":[{"i":{"x":[0.667],"y":[1]},"o":{"x":[0.167],"y":[0.167]},"n":["0p667_1_0p167_0p167"],"t":0,"s":[0],"e":[30]},{"i":{"x":[0.667],"y":[1]},"o":{"x":[0.333],"y":[0]},"n":["0p667_1_0p333_0"],"t":20,"s":[30],"e":[0]},{"i":{"x":[0.667],"y":[1]},"o":{"x":[0.333],"y":[0]},"n":["0p667_1_0p333_0"],"t":40,"s":[0],"e":[-30]},{"i":{"x":[0.833],"y":[0.833]},"o":{"x":[0.333],"y":[0]},"n":["0p833_0p833_0p333_0"],"t":60,"s":[-30],"e":[0]},{"t":74}]},"p":{"k":[85.146,27.752,0]},"a":{"k":[4,4,0]},"s":{"k":[{"i":{"x":[0.667,0.667,0.667],"y":[1,1,0.667]},"o":{"x":[0.333,0.333,0.333],"y":[0,0,0.333]},"n":["0p667_1_0p333_0","0p667_1_0p333_0","0p667_0p667_0p333_0p333"],"t":0,"s":[100,100,100],"e":[75,75,100]},{"i":{"x":[0.667,0.667,0.667],"y":[1,1,0.667]},"o":{"x":[0.333,0.333,0.333],"y":[0,0,0.333]},"n":["0p667_1_0p333_0","0p667_1_0p333_0","0p667_0p667_0p333_0p333"],"t":37,"s":[75,75,100],"e":[100,100,100]},{"t":74}]}},"ao":0,"shapes":[{"ty":"gr","it":[{"ind":0,"ty":"sh","ks":{"k":{"i":[[0,0],[0,0],[0,0.345],[-0.345,0],[0,0],[0,-0.345],[0.345,0]],"o":[[0,0],[-0.345,0],[0,-0.345],[0,0],[0.345,0],[0,0.345],[0,0]],"v":[[3.122,0.625],[-3.125,0.625],[-3.75,0],[-3.125,-0.625],[3.125,-0.625],[3.75,0],[3.125,0.625]],"c":true}},"nm":"Path 1","mn":"ADBE Vector Shape - Group"},{"ty":"mm","mm":4,"nm":"Merge Paths 1","mn":"ADBE Vector Filter - Merge"},{"ty":"fl","fillEnabled":true,"c":{"k":[0.69,0,0.13,1]},"o":{"k":100},"nm":"Fill 1","mn":"ADBE Vector Graphic - Fill"},{"ty":"tr","p":{"k":[4,3.999],"ix":2},"a":{"k":[0,0],"ix":1},"s":{"k":[100,100],"ix":3},"r":{"k":0,"ix":6},"o":{"k":100,"ix":7},"sk":{"k":0,"ix":4},"sa":{"k":0,"ix":5},"nm":"Transform"}],"nm":"Group 1","np":3,"mn":"ADBE Vector Group"},{"ty":"gr","it":[{"ind":0,"ty":"sh","ks":{"k":{"i":[[0.345,0],[0.001,0.345],[0,0],[-0.345,0],[0,-0.345],[0,0]],"o":[[-0.345,-0.001],[0,0],[0,-0.345],[0.345,0],[0,0],[0,0.345]],"v":[[0,3.75],[-0.625,3.125],[-0.625,-3.125],[0,-3.75],[0.625,-3.125],[0.625,3.125]],"c":true}},"nm":"Path 1","mn":"ADBE Vector Shape - Group"},{"ty":"mm","mm":4,"nm":"Merge Paths 1","mn":"ADBE Vector Filter - Merge"},{"ty":"fl","fillEnabled":true,"c":{"k":[0.69,0,0.13,1]},"o":{"k":100},"nm":"Fill 1","mn":"ADBE Vector Graphic - Fill"},{"ty":"tr","p":{"k":[3.997,4],"ix":2},"a":{"k":[0,0],"ix":1},"s":{"k":[100,100],"ix":3},"r":{"k":0,"ix":6},"o":{"k":100,"ix":7},"sk":{"k":0,"ix":4},"sa":{"k":0,"ix":5},"nm":"Transform"}],"nm":"Group 2","np":3,"mn":"ADBE Vector Group"}],"ip":0,"op":76,"st":0,"bm":0,"sr":1},{"ddd":0,"ind":2,"ty":4,"nm":"Layer 21 Outlines","ks":{"o":{"k":100},"r":{"k":[{"i":{"x":[0.667],"y":[1]},"o":{"x":[0.167],"y":[0.167]},"n":["0p667_1_0p167_0p167"],"t":0,"s":[0],"e":[30]},{"i":{"x":[0.667],"y":[1]},"o":{"x":[0.333],"y":[0]},"n":["0p667_1_0p333_0"],"t":20,"s":[30],"e":[0]},{"i":{"x":[0.667],"y":[1]},"o":{"x":[0.333],"y":[0]},"n":["0p667_1_0p333_0"],"t":40,"s":[0],"e":[-30]},{"i":{"x":[0.833],"y":[0.833]},"o":{"x":[0.333],"y":[0]},"n":["0p833_0p833_0p333_0"],"t":60,"s":[-30],"e":[0]},{"t":74}]},"p":{"k":[127.864,107.417,0]},"a":{"k":[4,4,0]},"s":{"k":[{"i":{"x":[0.667,0.667,0.667],"y":[1,1,0.667]},"o":{"x":[0.333,0.333,0.333],"y":[0,0,0.333]},"n":["0p667_1_0p333_0","0p667_1_0p333_0","0p667_0p667_0p333_0p333"],"t":0,"s":[100,100,100],"e":[75,75,100]},{"i":{"x":[0.667,0.667,0.667],"y":[1,1,0.667]},"o":{"x":[0.333,0.333,0.333],"y":[0,0,0.333]},"n":["0p667_1_0p333_0","0p667_1_0p333_0","0p667_0p667_0p333_0p333"],"t":37,"s":[75,75,100],"e":[100,100,100]},{"t":74}]}},"ao":0,"shapes":[{"ty":"gr","it":[{"ind":0,"ty":"sh","ks":{"k":{"i":[[0.345,0],[0,0],[0,0.345],[-0.345,0],[0,0],[0,-0.345]],"o":[[0,0],[-0.345,0],[0,-0.345],[0,0],[0.345,0],[0,0.345]],"v":[[3.125,0.625],[-3.125,0.625],[-3.75,0],[-3.125,-0.625],[3.125,-0.625],[3.75,0]],"c":true}},"nm":"Path 1","mn":"ADBE Vector Shape - Group"},{"ty":"mm","mm":4,"nm":"Merge Paths 1","mn":"ADBE Vector Filter - Merge"},{"ty":"fl","fillEnabled":true,"c":{"k":[0.69,0,0.13,1]},"o":{"k":100},"nm":"Fill 1","mn":"ADBE Vector Graphic - Fill"},{"ty":"tr","p":{"k":[4,4],"ix":2},"a":{"k":[0,0],"ix":1},"s":{"k":[100,100],"ix":3},"r":{"k":0,"ix":6},"o":{"k":100,"ix":7},"sk":{"k":0,"ix":4},"sa":{"k":0,"ix":5},"nm":"Transform"}],"nm":"Group 1","np":3,"mn":"ADBE Vector Group"},{"ty":"gr","it":[{"ind":0,"ty":"sh","ks":{"k":{"i":[[0.345,0],[0,0.345],[0,0],[-0.345,0],[0,-0.345],[0,0]],"o":[[-0.345,0],[0,0],[0,-0.345],[0.345,0],[0,0],[0,0.345]],"v":[[0,3.75],[-0.625,3.125],[-0.625,-3.125],[0,-3.75],[0.625,-3.125],[0.625,3.125]],"c":true}},"nm":"Path 1","mn":"ADBE Vector Shape - Group"},{"ty":"mm","mm":4,"nm":"Merge Paths 1","mn":"ADBE Vector Filter - Merge"},{"ty":"fl","fillEnabled":true,"c":{"k":[0.69,0,0.13,1]},"o":{"k":100},"nm":"Fill 1","mn":"ADBE Vector Graphic - Fill"},{"ty":"tr","p":{"k":[4,4],"ix":2},"a":{"k":[0,0],"ix":1},"s":{"k":[100,100],"ix":3},"r":{"k":0,"ix":6},"o":{"k":100,"ix":7},"sk":{"k":0,"ix":4},"sa":{"k":0,"ix":5},"nm":"Transform"}],"nm":"Group 2","np":3,"mn":"ADBE Vector Group"}],"ip":0,"op":76,"st":0,"bm":0,"sr":1},{"ddd":0,"ind":3,"ty":4,"nm":"Layer 20 Outlines","ks":{"o":{"k":100},"r":{"k":[{"i":{"x":[0.667],"y":[1]},"o":{"x":[0.167],"y":[0.167]},"n":["0p667_1_0p167_0p167"],"t":0,"s":[0],"e":[30]},{"i":{"x":[0.667],"y":[1]},"o":{"x":[0.333],"y":[0]},"n":["0p667_1_0p333_0"],"t":20,"s":[30],"e":[0]},{"i":{"x":[0.667],"y":[1]},"o":{"x":[0.333],"y":[0]},"n":["0p667_1_0p333_0"],"t":40,"s":[0],"e":[-30]},{"i":{"x":[0.833],"y":[0.833]},"o":{"x":[0.333],"y":[0]},"n":["0p833_0p833_0p333_0"],"t":60,"s":[-30],"e":[0]},{"t":74}]},"p":{"k":[42.68,127.829,0]},"a":{"k":[4,4.002,0]},"s":{"k":[{"i":{"x":[0.667,0.667,0.667],"y":[1,1,0.667]},"o":{"x":[0.333,0.333,0.333],"y":[0,0,0.333]},"n":["0p667_1_0p333_0","0p667_1_0p333_0","0p667_0p667_0p333_0p333"],"t":0,"s":[100,100,100],"e":[75,75,100]},{"i":{"x":[0.667,0.667,0.667],"y":[1,1,0.667]},"o":{"x":[0.333,0.333,0.333],"y":[0,0,0.333]},"n":["0p667_1_0p333_0","0p667_1_0p333_0","0p667_0p667_0p333_0p333"],"t":37,"s":[75,75,100],"e":[100,100,100]},{"t":74}]}},"ao":0,"shapes":[{"ty":"gr","it":[{"ind":0,"ty":"sh","ks":{"k":{"i":[[0.345,0],[0,0],[0,0.345],[-0.345,0],[0,0],[0,-0.345]],"o":[[0,0],[-0.345,0],[0,-0.345],[0,0],[0.345,0],[0,0.345]],"v":[[3.125,0.625],[-3.125,0.625],[-3.75,0],[-3.125,-0.625],[3.125,-0.625],[3.75,0]],"c":true}},"nm":"Path 1","mn":"ADBE Vector Shape - Group"},{"ty":"mm","mm":4,"nm":"Merge Paths 1","mn":"ADBE Vector Filter - Merge"},{"ty":"fl","fillEnabled":true,"c":{"k":[0.69,0,0.13,1]},"o":{"k":100},"nm":"Fill 1","mn":"ADBE Vector Graphic - Fill"},{"ty":"tr","p":{"k":[4,4.003],"ix":2},"a":{"k":[0,0],"ix":1},"s":{"k":[100,100],"ix":3},"r":{"k":0,"ix":6},"o":{"k":100,"ix":7},"sk":{"k":0,"ix":4},"sa":{"k":0,"ix":5},"nm":"Transform"}],"nm":"Group 1","np":3,"mn":"ADBE Vector Group"},{"ty":"gr","it":[{"ind":0,"ty":"sh","ks":{"k":{"i":[[0,0],[0,0.345],[0,0],[-0.345,0],[0,-0.345],[0,0],[0.346,-0.001]],"o":[[-0.345,0],[0,0],[0,-0.345],[0.345,0],[0,0],[0.001,0.346],[0,0]],"v":[[-0.001,3.751],[-0.626,3.126],[-0.626,-3.126],[-0.001,-3.751],[0.624,-3.126],[0.624,3.124],[0.001,3.751]],"c":true}},"nm":"Path 1","mn":"ADBE Vector Shape - Group"},{"ty":"mm","mm":4,"nm":"Merge Paths 1","mn":"ADBE Vector Filter - Merge"},{"ty":"fl","fillEnabled":true,"c":{"k":[0.69,0,0.13,1]},"o":{"k":100},"nm":"Fill 1","mn":"ADBE Vector Graphic - Fill"},{"ty":"tr","p":{"k":[4.001,4.002],"ix":2},"a":{"k":[0,0],"ix":1},"s":{"k":[100,100],"ix":3},"r":{"k":0,"ix":6},"o":{"k":100,"ix":7},"sk":{"k":0,"ix":4},"sa":{"k":0,"ix":5},"nm":"Transform"}],"nm":"Group 2","np":3,"mn":"ADBE Vector Group"}],"ip":0,"op":76,"st":0,"bm":0,"sr":1},{"ddd":0,"ind":4,"ty":4,"nm":"Layer 19 Outlines","ks":{"o":{"k":100},"r":{"k":0},"p":{"k":[19.25,77.667,0]},"a":{"k":[4.75,4.25,0]},"s":{"k":[{"i":{"x":[0.667,0.667,0.667],"y":[1,1,0.667]},"o":{"x":[0.333,0.333,0.333],"y":[0,0,0.333]},"n":["0p667_1_0p333_0","0p667_1_0p333_0","0p667_0p667_0p333_0p333"],"t":0,"s":[100,100,100],"e":[75,75,100]},{"i":{"x":[0.667,0.667,0.667],"y":[1,1,0.667]},"o":{"x":[0.333,0.333,0.333],"y":[0,0,0.333]},"n":["0p667_1_0p333_0","0p667_1_0p333_0","0p667_0p667_0p333_0p333"],"t":37,"s":[75,75,100],"e":[100,100,100]},{"t":74}]}},"ao":0,"shapes":[{"ty":"gr","it":[{"ind":0,"ty":"sh","ks":{"k":{"i":[[-1.243,0],[0,-1.243],[1.243,0],[0,1.243]],"o":[[1.243,0],[0,1.243],[-1.243,0],[0,-1.243]],"v":[[0,-2.25],[2.25,0],[0,2.25],[-2.25,0]],"c":true}},"nm":"Path 1","mn":"ADBE Vector Shape - Group"},{"ty":"st","fillEnabled":true,"c":{"k":[0.2,0.2,0.2,1]},"o":{"k":100},"w":{"k":1},"lc":1,"lj":1,"ml":10,"nm":"Stroke 1","mn":"ADBE Vector Graphic - Stroke"},{"ty":"tr","p":{"k":[4.75,4.75],"ix":2},"a":{"k":[0,0],"ix":1},"s":{"k":[100,100],"ix":3},"r":{"k":0,"ix":6},"o":{"k":100,"ix":7},"sk":{"k":0,"ix":4},"sa":{"k":0,"ix":5},"nm":"Transform"}],"nm":"Group 1","np":2,"mn":"ADBE Vector Group"}],"ip":0,"op":76,"st":0,"bm":0,"sr":1},{"ddd":0,"ind":5,"ty":4,"nm":"Layer 30 Outlines","ks":{"o":{"k":100},"r":{"k":0},"p":{"k":[62.984,44.105,0]},"a":{"k":[14.43,4.859,0]},"s":{"k":[{"i":{"x":[0.667,0.667,0.667],"y":[1,1,0.667]},"o":{"x":[0.333,0.333,0.333],"y":[0,0,0.333]},"n":["0p667_1_0p333_0","0p667_1_0p333_0","0p667_0p667_0p333_0p333"],"t":30,"s":[0,0,100],"e":[100,100,100]},{"t":45}]}},"ao":0,"shapes":[{"ty":"gr","it":[{"ind":0,"ty":"sh","ks":{"k":{"i":[[0,0],[0.117,0.127],[7.194,-6.754],[0.257,-0.274],[0.259,0.228],[-0.228,0.259],[-0.01,0.01],[-7.696,-7.226],[-0.274,-0.292],[0.252,-0.237],[0.158,-0.001]],"o":[[-0.173,0],[-6.754,-7.193],[-0.273,0.257],[-0.228,0.259],[-0.259,-0.228],[0.009,-0.011],[7.226,-7.696],[0.292,0.274],[0.236,0.252],[-0.115,0.108],[0,0]],"v":[[13.491,4.524],[13.036,4.324],[-12.218,3.529],[-13.014,4.324],[-13.896,4.38],[-13.952,3.499],[-13.923,3.467],[13.094,2.617],[13.945,3.467],[13.915,4.352],[13.491,4.521]],"c":true}},"nm":"Path 1","mn":"ADBE Vector Shape - Group"},{"ty":"mm","mm":4,"nm":"Merge Paths 1","mn":"ADBE Vector Filter - Merge"},{"ty":"fl","fillEnabled":true,"c":{"k":[0.69,0,0.13,1]},"o":{"k":100},"nm":"Fill 1","mn":"ADBE Vector Graphic - Fill"},{"ty":"tr","p":{"k":[14.43,4.859],"ix":2},"a":{"k":[0,0],"ix":1},"s":{"k":[100,100],"ix":3},"r":{"k":0,"ix":6},"o":{"k":100,"ix":7},"sk":{"k":0,"ix":4},"sa":{"k":0,"ix":5},"nm":"Transform"}],"nm":"Group 1","np":3,"mn":"ADBE Vector Group"}],"ip":0,"op":76,"st":0,"bm":0,"sr":1},{"ddd":0,"ind":6,"ty":4,"nm":"Layer 29 Outlines","ks":{"o":{"k":100},"r":{"k":0},"p":{"k":[62.988,52.456,0]},"a":{"k":[10.39,7.05,0]},"s":{"k":[{"i":{"x":[0.667,0.667,0.667],"y":[1,1,0.667]},"o":{"x":[0.333,0.333,0.333],"y":[0,0,0.333]},"n":["0p667_1_0p333_0","0p667_1_0p333_0","0p667_0p667_0p333_0p333"],"t":15,"s":[0,0,100],"e":[100,100,100]},{"t":30}]}},"ao":0,"shapes":[{"ty":"gr","it":[{"ind":0,"ty":"sh","ks":{"k":{"i":[[0,0],[0.117,0.127],[4.96,-4.659],[0.176,-0.188],[0.259,0.228],[-0.228,0.259],[-0.01,0.01],[-5.462,-5.131],[-0.194,-0.206],[0.251,-0.237],[0.159,0]],"o":[[-0.173,-0.001],[-4.659,-4.96],[-0.188,0.176],[-0.228,0.259],[-0.259,-0.228],[0.009,-0.011],[5.131,-5.462],[0.206,0.194],[0.237,0.251],[-0.116,0.109],[0,0]],"v":[[9.446,3.352],[8.991,3.152],[-8.425,2.606],[-8.971,3.152],[-9.853,3.208],[-9.909,2.326],[-9.88,2.295],[9.3,1.695],[9.9,2.295],[9.875,3.179],[9.446,3.349]],"c":true}},"nm":"Path 1","mn":"ADBE Vector Shape - Group"},{"ty":"mm","mm":4,"nm":"Merge Paths 1","mn":"ADBE Vector Filter - Merge"},{"ty":"fl","fillEnabled":true,"c":{"k":[0.69,0,0.13,1]},"o":{"k":100},"nm":"Fill 1","mn":"ADBE Vector Graphic - Fill"},{"ty":"tr","p":{"k":[10.387,3.686],"ix":2},"a":{"k":[0,0],"ix":1},"s":{"k":[100,100],"ix":3},"r":{"k":0,"ix":6},"o":{"k":100,"ix":7},"sk":{"k":0,"ix":4},"sa":{"k":0,"ix":5},"nm":"Transform"}],"nm":"Group 1","np":3,"mn":"ADBE Vector Group"}],"ip":0,"op":76,"st":0,"bm":0,"sr":1},{"ddd":0,"ind":7,"ty":4,"nm":"Layer 28 Outlines","ks":{"o":{"k":100},"r":{"k":0},"p":{"k":[63.026,56.318,0]},"a":{"k":[6.357,4.758,0]},"s":{"k":[{"i":{"x":[0.667,0.667,0.667],"y":[1,1,0.667]},"o":{"x":[0.333,0.333,0.333],"y":[0,0,0.333]},"n":["0p667_1_0p333_0","0p667_1_0p333_0","0p667_0p667_0p333_0p333"],"t":0,"s":[0,0,100],"e":[100,100,100]},{"t":15}]}},"ao":0,"shapes":[{"ty":"gr","it":[{"ind":0,"ty":"sh","ks":{"k":{"i":[[0,0],[0.117,0.127],[2.723,-2.538],[0.108,-0.115],[0.251,0.237],[-0.237,0.251],[-3.225,-3.012],[-0.124,-0.132],[0.252,-0.237],[0.158,0]],"o":[[-0.173,-0.001],[-2.538,-2.722],[-0.115,0.107],[-0.237,0.251],[-0.251,-0.237],[3.013,-3.225],[0.133,0.124],[0.236,0.252],[-0.115,0.108],[0,0]],"v":[[5.385,2.196],[4.93,1.996],[-4.595,1.662],[-4.929,1.996],[-5.813,2.022],[-5.839,1.138],[5.455,0.753],[5.84,1.138],[5.811,2.023],[5.385,2.192]],"c":true}},"nm":"Path 1","mn":"ADBE Vector Shape - Group"},{"ty":"mm","mm":4,"nm":"Merge Paths 1","mn":"ADBE Vector Filter - Merge"},{"ty":"fl","fillEnabled":true,"c":{"k":[0.69,0,0.13,1]},"o":{"k":100},"nm":"Fill 1","mn":"ADBE Vector Graphic - Fill"},{"ty":"tr","p":{"k":[6.326,2.509],"ix":2},"a":{"k":[0,0],"ix":1},"s":{"k":[100,100],"ix":3},"r":{"k":0,"ix":6},"o":{"k":100,"ix":7},"sk":{"k":0,"ix":4},"sa":{"k":0,"ix":5},"nm":"Transform"}],"nm":"Group 1","np":3,"mn":"ADBE Vector Group"}],"ip":0,"op":76,"st":0,"bm":0,"sr":1},{"ddd":0,"ind":8,"ty":4,"nm":"Layer 18 Outlines","ks":{"o":{"k":100},"r":{"k":0},"p":{"k":[62.995,61.128,0]},"a":{"k":[3.966,3.966,0]},"s":{"k":[100,100,100]}},"ao":0,"shapes":[{"ty":"gr","it":[{"ind":0,"ty":"sh","ks":{"k":{"i":[[1.362,0.001],[-0.001,-1.362],[-1.362,0.001],[0,1.362]],"o":[[-1.362,0.001],[0.001,1.362],[1.362,-0.001],[-0.002,-1.362]],"v":[[-0.001,-2.467],[-2.465,0.001],[0.001,2.465],[2.467,-0.001]],"c":true}},"nm":"Path 1","mn":"ADBE Vector Shape - Group"},{"ind":1,"ty":"sh","ks":{"k":{"i":[[2.052,-0.002],[-0.001,2.052],[-2.052,-0.001],[-0.001,-2.052]],"o":[[-2.052,-0.001],[0.001,-2.052],[2.052,0.001],[-0.002,2.052]],"v":[[-0.001,3.717],[-3.715,-0.001],[0.001,-3.715],[3.717,-0.001]],"c":true}},"nm":"Path 2","mn":"ADBE Vector Shape - Group"},{"ty":"mm","mm":1,"nm":"Merge Paths 1","mn":"ADBE Vector Filter - Merge"},{"ty":"mm","mm":4,"nm":"Merge Paths 2","mn":"ADBE Vector Filter - Merge"},{"ty":"fl","fillEnabled":true,"c":{"k":[0.69,0,0.13,1]},"o":{"k":100},"nm":"Fill 1","mn":"ADBE Vector Graphic - Fill"},{"ty":"tr","p":{"k":[3.966,3.967],"ix":2},"a":{"k":[0,0],"ix":1},"s":{"k":[100,100],"ix":3},"r":{"k":0,"ix":6},"o":{"k":100,"ix":7},"sk":{"k":0,"ix":4},"sa":{"k":0,"ix":5},"nm":"Transform"}],"nm":"Group 1","np":5,"mn":"ADBE Vector Group"}],"ip":0,"op":76,"st":0,"bm":0,"sr":1},{"ddd":0,"ind":9,"ty":4,"nm":"Layer 27 Outlines","parent":12,"ks":{"o":{"k":100},"r":{"k":0},"p":{"k":[13.786,7.831,0]},"a":{"k":[11.83,7.907,0]},"s":{"k":[{"i":{"x":[0.667,0.667,0.667],"y":[1,1,0.667]},"o":{"x":[0.333,0.333,0.333],"y":[0,0,0.333]},"n":["0p667_1_0p333_0","0p667_1_0p333_0","0p667_0p667_0p333_0p333"],"t":55,"s":[0,0,100],"e":[100,100,100]},{"t":65}]}},"ao":0,"shapes":[{"ty":"gr","it":[{"ind":0,"ty":"sh","ks":{"k":{"i":[[0,0],[5.153,-4.839],[0.183,-0.195]],"o":[[-4.839,-5.153],[-0.195,0.183],[0,0]],"v":[[9.331,2.704],[-8.762,2.136],[-9.331,2.704]],"c":false}},"nm":"Path 1","mn":"ADBE Vector Shape - Group"},{"ty":"st","fillEnabled":true,"c":{"k":[0.2,0.2,0.2,1]},"o":{"k":100},"w":{"k":1},"lc":2,"lj":2,"nm":"Stroke 1","mn":"ADBE Vector Graphic - Stroke"},{"ty":"tr","p":{"k":[11.83,5.203],"ix":2},"a":{"k":[0,0],"ix":1},"s":{"k":[100,100],"ix":3},"r":{"k":0,"ix":6},"o":{"k":100,"ix":7},"sk":{"k":0,"ix":4},"sa":{"k":0,"ix":5},"nm":"Transform"}],"nm":"Group 1","np":2,"mn":"ADBE Vector Group"}],"ip":0,"op":76,"st":0,"bm":0,"sr":1},{"ddd":0,"ind":10,"ty":4,"nm":"Layer 26 Outlines","parent":12,"ks":{"o":{"k":100},"r":{"k":0},"p":{"k":[13.786,10.515,0]},"a":{"k":[9.032,6.33,0]},"s":{"k":[{"i":{"x":[0.667,0.667,0.667],"y":[1,1,0.667]},"o":{"x":[0.333,0.333,0.333],"y":[0,0,0.333]},"n":["0p667_1_0p333_0","0p667_1_0p333_0","0p667_0p667_0p333_0p333"],"t":45,"s":[0,0,100],"e":[100,100,100]},{"t":55}]}},"ao":0,"shapes":[{"ty":"gr","it":[{"ind":0,"ty":"sh","ks":{"k":{"i":[[0,0],[-3.608,-3.387],[-0.129,-0.137]],"o":[[3.387,-3.607],[0.137,0.129],[0,0]],"v":[[-6.531,1.893],[6.132,1.494],[6.531,1.893]],"c":false}},"nm":"Path 1","mn":"ADBE Vector Shape - Group"},{"ty":"st","fillEnabled":true,"c":{"k":[0.2,0.2,0.2,1]},"o":{"k":100},"w":{"k":1},"lc":2,"lj":2,"nm":"Stroke 1","mn":"ADBE Vector Graphic - Stroke"},{"ty":"tr","p":{"k":[9.031,4.393],"ix":2},"a":{"k":[0,0],"ix":1},"s":{"k":[100,100],"ix":3},"r":{"k":0,"ix":6},"o":{"k":100,"ix":7},"sk":{"k":0,"ix":4},"sa":{"k":0,"ix":5},"nm":"Transform"}],"nm":"Group 1","np":2,"mn":"ADBE Vector Group"}],"ip":0,"op":76,"st":0,"bm":0,"sr":1},{"ddd":0,"ind":11,"ty":4,"nm":"Layer 17 Outlines","parent":12,"ks":{"o":{"k":100},"r":{"k":0},"p":{"k":[13.787,13.126,0]},"a":{"k":[6.227,4.678,0]},"s":{"k":[{"i":{"x":[0.667,0.667,0.667],"y":[1,1,0.667]},"o":{"x":[0.333,0.333,0.333],"y":[0,0,0.333]},"n":["0p667_1_0p333_0","0p667_1_0p333_0","0p667_0p667_0p333_0p333"],"t":35,"s":[0,0,100],"e":[100,100,100]},{"t":45}]}},"ao":0,"shapes":[{"ty":"gr","it":[{"ind":0,"ty":"sh","ks":{"k":{"i":[[0,0],[2.058,-1.922],[0.079,-0.085]],"o":[[-1.923,-2.058],[-0.085,0.079],[0,0]],"v":[[3.727,1.084],[-3.481,0.838],[-3.727,1.084]],"c":false}},"nm":"Path 1","mn":"ADBE Vector Shape - Group"},{"ty":"st","fillEnabled":true,"c":{"k":[0.2,0.2,0.2,1]},"o":{"k":100},"w":{"k":1},"lc":2,"lj":2,"nm":"Stroke 1","mn":"ADBE Vector Graphic - Stroke"},{"ty":"tr","p":{"k":[6.227,3.584],"ix":2},"a":{"k":[0,0],"ix":1},"s":{"k":[100,100],"ix":3},"r":{"k":0,"ix":6},"o":{"k":100,"ix":7},"sk":{"k":0,"ix":4},"sa":{"k":0,"ix":5},"nm":"Transform"}],"nm":"Group 1","np":2,"mn":"ADBE Vector Group"}],"ip":0,"op":76,"st":0,"bm":0,"sr":1},{"ddd":0,"ind":12,"ty":4,"nm":"MODM","ks":{"o":{"k":100},"r":{"k":0},"p":{"k":[{"i":{"x":0.833,"y":0.833},"o":{"x":0.167,"y":0.167},"n":"0p833_0p833_0p167_0p167","t":0,"s":[144,48,0],"e":[139,48,0],"to":[-0.83333331346512,0,0],"ti":[0,0,0]},{"i":{"x":0.833,"y":0.833},"o":{"x":0.167,"y":0.167},"n":"0p833_0p833_0p167_0p167","t":15,"s":[139,48,0],"e":[144,48,0],"to":[0,0,0],"ti":[-0.83333331346512,-0.83333331346512,0]},{"i":{"x":0.833,"y":0.833},"o":{"x":0.167,"y":0.167},"n":"0p833_0p833_0p167_0p167","t":35,"s":[144,48,0],"e":[144,53,0],"to":[0.83333331346512,0.83333331346512,0],"ti":[0,0,0]},{"i":{"x":0.833,"y":0.833},"o":{"x":0.167,"y":0.167},"n":"0p833_0p833_0p167_0p167","t":55,"s":[144,53,0],"e":[144,48,0],"to":[0,0,0],"ti":[0,0.83333331346512,0]},{"t":74}]},"a":{"k":[21.563,15.252,0]},"s":{"k":[100,100,100]}},"ao":0,"shapes":[{"ty":"gr","it":[{"ind":0,"ty":"sh","ks":{"k":{"i":[[0,0],[0,0]],"o":[[0,0],[0,0]],"v":[[33.283,13.159],[33.283,3.75]],"c":false}},"nm":"Path 1","mn":"ADBE Vector Shape - Group"},{"ty":"st","fillEnabled":true,"c":{"k":[0.2,0.2,0.2,1]},"o":{"k":100},"w":{"k":1.5},"lc":2,"lj":2,"nm":"Stroke 1","mn":"ADBE Vector Graphic - Stroke"},{"ty":"tr","p":{"k":[0,0],"ix":2},"a":{"k":[0,0],"ix":1},"s":{"k":[100,100],"ix":3},"r":{"k":0,"ix":6},"o":{"k":100,"ix":7},"sk":{"k":0,"ix":4},"sa":{"k":0,"ix":5},"nm":"Transform"}],"nm":"Group 1","np":2,"mn":"ADBE Vector Group"},{"ty":"gr","it":[{"ind":0,"ty":"sh","ks":{"k":{"i":[[-1.519,0],[0,0],[0,-1.519],[0,0],[1.519,0],[0,0],[0,1.519],[0,0]],"o":[[0,0],[1.519,0],[0,0],[0,1.519],[0,0],[-1.519,0],[0,0],[0,-1.519]],"v":[[-16.313,-4.803],[16.313,-4.803],[19.063,-2.053],[19.063,2.053],[16.313,4.803],[-16.313,4.803],[-19.063,2.053],[-19.063,-2.053]],"c":true}},"nm":"Path 1","mn":"ADBE Vector Shape - Group"},{"ty":"st","fillEnabled":true,"c":{"k":[0.2,0.2,0.2,1]},"o":{"k":100},"w":{"k":1},"lc":2,"lj":2,"nm":"Stroke 1","mn":"ADBE Vector Graphic - Stroke"},{"ty":"tr","p":{"k":[21.563,23.202],"ix":2},"a":{"k":[0,0],"ix":1},"s":{"k":[100,100],"ix":3},"r":{"k":0,"ix":6},"o":{"k":100,"ix":7},"sk":{"k":0,"ix":4},"sa":{"k":0,"ix":5},"nm":"Transform"}],"nm":"Group 2","np":2,"mn":"ADBE Vector Group"},{"ty":"gr","it":[{"ind":0,"ty":"sh","ks":{"k":{"i":[[-0.437,0],[0,0],[0,-0.437],[0,0],[0.437,0],[0,0],[0,0.437],[0,0]],"o":[[0,0],[0.437,0],[0,0],[0,0.437],[0,0],[-0.437,0],[0,0],[0,-0.437]],"v":[[-0.59,-1.383],[0.591,-1.383],[1.383,-0.59],[1.383,0.59],[0.591,1.383],[-0.59,1.383],[-1.383,0.59],[-1.383,-0.59]],"c":true}},"nm":"Path 1","mn":"ADBE Vector Shape - Group"},{"ty":"st","fillEnabled":true,"c":{"k":[0.2,0.2,0.2,1]},"o":{"k":100},"w":{"k":1},"lc":2,"lj":2,"nm":"Stroke 1","mn":"ADBE Vector Graphic - Stroke"},{"ty":"tr","p":{"k":[8.474,23.201],"ix":2},"a":{"k":[0,0],"ix":1},"s":{"k":[100,100],"ix":3},"r":{"k":0,"ix":6},"o":{"k":100,"ix":7},"sk":{"k":0,"ix":4},"sa":{"k":0,"ix":5},"nm":"Transform"}],"nm":"Group 3","np":2,"mn":"ADBE Vector Group"}],"ip":0,"op":76,"st":0,"bm":0,"sr":1},{"ddd":0,"ind":13,"ty":4,"nm":"CLD1","ks":{"o":{"k":100},"r":{"k":0},"p":{"k":[{"i":{"x":0.667,"y":1},"o":{"x":0.333,"y":0},"n":"0p667_1_0p333_0","t":0,"s":[92.748,62.368,0],"e":[100.748,62.368,0],"to":[1.33333337306976,0,0],"ti":[0,0,0]},{"i":{"x":0.667,"y":1},"o":{"x":0.333,"y":0},"n":"0p667_1_0p333_0","t":37,"s":[100.748,62.368,0],"e":[92.748,62.368,0],"to":[0,0,0],"ti":[1.33333337306976,0,0]},{"t":74}]},"a":{"k":[13.423,8.275,0]},"s":{"k":[100,100,100]}},"ao":0,"shapes":[{"ty":"gr","it":[{"ind":0,"ty":"sh","ks":{"k":{"i":[[-0.794,-1.696],[-1.628,-2.118],[2.118,-1.628],[1.066,0],[0,0],[-0.002,1.854],[-1.854,-0.002],[-0.31,-0.092],[-2.687,0.071]],"o":[[2.118,-1.628],[1.628,2.118],[-0.846,0.65],[0,0],[-1.853,-0.002],[0.002,-1.853],[0.323,0],[-0.038,-2.688],[1.871,0.071]],"v":[[2.512,-2.898],[9.295,-2.01],[8.408,4.773],[5.46,5.775],[-7.569,5.775],[-10.921,2.415],[-7.561,-0.938],[-6.606,-0.798],[-1.827,-5.775]],"c":true}},"nm":"Path 1","mn":"ADBE Vector Shape - Group"},{"ty":"st","fillEnabled":true,"c":{"k":[0.2,0.2,0.2,1]},"o":{"k":100},"w":{"k":1},"lc":1,"lj":1,"ml":10,"nm":"Stroke 1","mn":"ADBE Vector Graphic - Stroke"},{"ty":"tr","p":{"k":[13.423,8.275],"ix":2},"a":{"k":[0,0],"ix":1},"s":{"k":[100,100],"ix":3},"r":{"k":0,"ix":6},"o":{"k":100,"ix":7},"sk":{"k":0,"ix":4},"sa":{"k":0,"ix":5},"nm":"Transform"}],"nm":"Group 1","np":2,"mn":"ADBE Vector Group"}],"ip":0,"op":76,"st":0,"bm":0,"sr":1},{"ddd":0,"ind":14,"ty":4,"nm":"Layer 14 Outlines","ks":{"o":{"k":100},"r":{"k":0},"p":{"k":[63.026,83.887,0]},"a":{"k":[5.968,6.426,0]},"s":{"k":[{"i":{"x":[0.667,0.667,0.667],"y":[1,1,0.667]},"o":{"x":[0.333,0.333,0.333],"y":[0,0,0.333]},"n":["0p667_1_0p333_0","0p667_1_0p333_0","0p667_0p667_0p333_0p333"],"t":0,"s":[75,75,100],"e":[100,100,100]},{"i":{"x":[0.667,0.667,0.667],"y":[1,1,0.667]},"o":{"x":[0.333,0.333,0.333],"y":[0,0,0.333]},"n":["0p667_1_0p333_0","0p667_1_0p333_0","0p667_0p667_0p333_0p333"],"t":37,"s":[100,100,100],"e":[75,75,100]},{"t":74}]}},"ao":0,"shapes":[{"ty":"gr","it":[{"ind":0,"ty":"sh","ks":{"k":{"i":[[0.067,0.041],[0,0],[0.134,-0.241],[0.001,-0.082],[0,0],[-0.276,0.004],[-0.072,0.04],[0,0],[0.145,0.235]],"o":[[0,0],[-0.241,-0.134],[-0.04,0.072],[0,0],[0.004,0.276],[0.082,-0.001],[0,0],[0.235,-0.145],[-0.041,-0.067]],"v":[[3.159,-0.393],[-2.725,-3.792],[-3.405,-3.598],[-3.468,-3.363],[-3.468,3.431],[-2.96,3.923],[-2.725,3.86],[3.159,0.46],[3.323,-0.229]],"c":true}},"nm":"Path 1","mn":"ADBE Vector Shape - Group"},{"ty":"st","fillEnabled":true,"c":{"k":[0.2,0.2,0.2,1]},"o":{"k":100},"w":{"k":1},"lc":1,"lj":1,"ml":10,"nm":"Stroke 1","mn":"ADBE Vector Graphic - Stroke"},{"ty":"tr","p":{"k":[5.968,6.426],"ix":2},"a":{"k":[0,0],"ix":1},"s":{"k":[100,100],"ix":3},"r":{"k":0,"ix":6},"o":{"k":100,"ix":7},"sk":{"k":0,"ix":4},"sa":{"k":0,"ix":5},"nm":"Transform"}],"nm":"Group 1","np":2,"mn":"ADBE Vector Group"}],"ip":0,"op":76,"st":0,"bm":0,"sr":1},{"ddd":0,"ind":15,"ty":4,"nm":"MOB","ks":{"o":{"k":100},"r":{"k":0},"p":{"k":[{"i":{"x":0.833,"y":0.833},"o":{"x":0.167,"y":0.167},"n":"0p833_0p833_0p167_0p167","t":0,"s":[41.5,95,0],"e":[41.5,90,0],"to":[0,-0.83333331346512,0],"ti":[0.83333331346512,0.83333331346512,0]},{"i":{"x":0.833,"y":0.833},"o":{"x":0.167,"y":0.167},"n":"0p833_0p833_0p167_0p167","t":15,"s":[41.5,90,0],"e":[36.5,90,0],"to":[-0.83333331346512,-0.83333331346512,0],"ti":[0.83333331346512,-0.83333331346512,0]},{"i":{"x":0.833,"y":0.833},"o":{"x":0.167,"y":0.167},"n":"0p833_0p833_0p167_0p167","t":35,"s":[36.5,90,0],"e":[36.5,95,0],"to":[-0.83333331346512,0.83333331346512,0],"ti":[-0.83333331346512,-0.83333331346512,0]},{"i":{"x":0.833,"y":0.833},"o":{"x":0.167,"y":0.167},"n":"0p833_0p833_0p167_0p167","t":55,"s":[36.5,95,0],"e":[41.5,95,0],"to":[0.83333331346512,0.83333331346512,0],"ti":[-0.83333331346512,0,0]},{"t":74}]},"a":{"k":[11.775,18.291,0]},"s":{"k":[100,100,100]}},"ao":0,"shapes":[{"ty":"gr","it":[{"ind":0,"ty":"sh","ks":{"k":{"i":[[-0.437,0],[0,0],[0,-0.437],[0,0],[0.437,0],[0,0],[0,0.437],[0,0]],"o":[[0,0],[0.437,0],[0,0],[0,0.437],[0,0],[-0.437,0],[0,0],[0,-0.437]],"v":[[-0.432,-1.224],[0.432,-1.224],[1.224,-0.432],[1.224,0.432],[0.432,1.224],[-0.432,1.224],[-1.224,0.432],[-1.224,-0.432]],"c":true}},"nm":"Path 1","mn":"ADBE Vector Shape - Group"},{"ty":"st","fillEnabled":true,"c":{"k":[0.2,0.2,0.2,1]},"o":{"k":100},"w":{"k":1},"lc":1,"lj":1,"ml":10,"nm":"Stroke 1","mn":"ADBE Vector Graphic - Stroke"},{"ty":"tr","p":{"k":[11.775,30.374],"ix":2},"a":{"k":[0,0],"ix":1},"s":{"k":[100,100],"ix":3},"r":{"k":0,"ix":6},"o":{"k":100,"ix":7},"sk":{"k":0,"ix":4},"sa":{"k":0,"ix":5},"nm":"Transform"}],"nm":"Group 1","np":2,"mn":"ADBE Vector Group"},{"ty":"gr","it":[{"ind":0,"ty":"sh","ks":{"k":{"i":[[-0.891,0],[0,0],[0,-0.891],[0,0],[0.891,0],[0,0],[0,0.891],[0,0]],"o":[[0,0],[0.891,0],[0,0],[0,0.891],[0,0],[-0.891,0],[0,0],[0,-0.891]],"v":[[-7.661,-15.791],[7.661,-15.791],[9.275,-14.177],[9.275,14.177],[7.661,15.791],[-7.661,15.791],[-9.275,14.177],[-9.275,-14.177]],"c":true}},"nm":"Path 1","mn":"ADBE Vector Shape - Group"},{"ty":"st","fillEnabled":true,"c":{"k":[0.2,0.2,0.2,1]},"o":{"k":100},"w":{"k":1},"lc":1,"lj":1,"ml":10,"nm":"Stroke 1","mn":"ADBE Vector Graphic - Stroke"},{"ty":"tr","p":{"k":[11.775,18.291],"ix":2},"a":{"k":[0,0],"ix":1},"s":{"k":[100,100],"ix":3},"r":{"k":0,"ix":6},"o":{"k":100,"ix":7},"sk":{"k":0,"ix":4},"sa":{"k":0,"ix":5},"nm":"Transform"}],"nm":"Group 2","np":2,"mn":"ADBE Vector Group"}],"ip":0,"op":76,"st":0,"bm":0,"sr":1},{"ddd":0,"ind":16,"ty":4,"nm":"CLD2","ks":{"o":{"k":100},"r":{"k":0},"p":{"k":[{"i":{"x":0.667,"y":1},"o":{"x":0.333,"y":0},"n":"0p667_1_0p333_0","t":0,"s":[83.103,101.898,0],"e":[72.103,101.898,0],"to":[-1.83333337306976,0,0],"ti":[0,0,0]},{"i":{"x":0.667,"y":1},"o":{"x":0.333,"y":0},"n":"0p667_1_0p333_0","t":37,"s":[72.103,101.898,0],"e":[83.103,101.898,0],"to":[0,0,0],"ti":[-1.83333337306976,0,0]},{"t":74}]},"a":{"k":[12.25,7.653,0]},"s":{"k":[100,100,100]}},"ao":0,"shapes":[{"ty":"gr","it":[{"ind":0,"ty":"sh","ks":{"k":{"i":[[0.708,-1.514],[1.454,-1.89],[-1.89,-1.453],[-0.952,0],[0,0],[-0.001,1.654],[1.654,0],[0.279,-0.084],[2.398,0.064]],"o":[[-1.89,-1.453],[-1.453,1.89],[0.755,0.581],[0,0],[1.654,0],[0,-1.655],[-0.291,0],[0.034,-2.398],[-1.67,0.063]],"v":[[-2.243,-2.586],[-8.297,-1.796],[-7.507,4.258],[-4.874,5.153],[6.754,5.153],[9.75,2.159],[6.755,-0.837],[5.895,-0.711],[1.63,-5.153]],"c":true}},"nm":"Path 1","mn":"ADBE Vector Shape - Group"},{"ty":"st","fillEnabled":true,"c":{"k":[0.2,0.2,0.2,1]},"o":{"k":100},"w":{"k":1},"lc":1,"lj":1,"ml":10,"nm":"Stroke 1","mn":"ADBE Vector Graphic - Stroke"},{"ty":"tr","p":{"k":[12.25,7.653],"ix":2},"a":{"k":[0,0],"ix":1},"s":{"k":[100,100],"ix":3},"r":{"k":0,"ix":6},"o":{"k":100,"ix":7},"sk":{"k":0,"ix":4},"sa":{"k":0,"ix":5},"nm":"Transform"}],"nm":"Group 1","np":2,"mn":"ADBE Vector Group"}],"ip":0,"op":76,"st":0,"bm":0,"sr":1},{"ddd":0,"ind":17,"ty":4,"nm":"CLCK","ks":{"o":{"k":100},"r":{"k":0},"p":{"k":[108.834,88.715,0]},"a":{"k":[8.867,8.867,0]},"s":{"k":[{"i":{"x":[0.667,0.667,0.667],"y":[1,1,0.667]},"o":{"x":[0.333,0.333,0.333],"y":[0,0,0.333]},"n":["0p667_1_0p333_0","0p667_1_0p333_0","0p667_0p667_0p333_0p333"],"t":0,"s":[100,100,100],"e":[75,75,100]},{"i":{"x":[0.667,0.667,0.667],"y":[1,1,0.667]},"o":{"x":[0.333,0.333,0.333],"y":[0,0,0.333]},"n":["0p667_1_0p333_0","0p667_1_0p333_0","0p667_0p667_0p333_0p333"],"t":37,"s":[75,75,100],"e":[100,100,100]},{"t":74}]}},"ao":0,"shapes":[{"ty":"gr","it":[{"ind":0,"ty":"sh","ks":{"k":{"i":[[0,0],[0,0]],"o":[[0,0],[0,0]],"v":[[8.867,8.867],[11.942,8.867]],"c":false}},"nm":"Path 1","mn":"ADBE Vector Shape - Group"},{"ty":"st","fillEnabled":true,"c":{"k":[0.2,0.2,0.2,1]},"o":{"k":100},"w":{"k":1},"lc":2,"lj":2,"nm":"Stroke 1","mn":"ADBE Vector Graphic - Stroke"},{"ty":"tr","p":{"k":[0,0],"ix":2},"a":{"k":[0,0],"ix":1},"s":{"k":[100,100],"ix":3},"r":{"k":0,"ix":6},"o":{"k":100,"ix":7},"sk":{"k":0,"ix":4},"sa":{"k":0,"ix":5},"nm":"Transform"}],"nm":"Group 1","np":2,"mn":"ADBE Vector Group"},{"ty":"gr","it":[{"ind":0,"ty":"sh","ks":{"k":{"i":[[0,0],[0,0]],"o":[[0,0],[0,0]],"v":[[8.867,8.867],[8.867,4.075]],"c":false}},"nm":"Path 1","mn":"ADBE Vector Shape - Group"},{"ty":"st","fillEnabled":true,"c":{"k":[0.2,0.2,0.2,1]},"o":{"k":100},"w":{"k":1},"lc":2,"lj":2,"nm":"Stroke 1","mn":"ADBE Vector Graphic - Stroke"},{"ty":"tr","p":{"k":[0,0],"ix":2},"a":{"k":[0,0],"ix":1},"s":{"k":[100,100],"ix":3},"r":{"k":0,"ix":6},"o":{"k":100,"ix":7},"sk":{"k":0,"ix":4},"sa":{"k":0,"ix":5},"nm":"Transform"}],"nm":"Group 2","np":2,"mn":"ADBE Vector Group"},{"ty":"gr","it":[{"ind":0,"ty":"sh","ks":{"k":{"i":[[-3.516,0],[0,-3.516],[3.516,0],[0,3.516]],"o":[[3.516,0],[0,3.516],[-3.516,0],[0,-3.516]],"v":[[0,-6.367],[6.367,0],[0,6.367],[-6.367,0]],"c":true}},"nm":"Path 1","mn":"ADBE Vector Shape - Group"},{"ty":"st","fillEnabled":true,"c":{"k":[0.2,0.2,0.2,1]},"o":{"k":100},"w":{"k":1},"lc":2,"lj":2,"nm":"Stroke 1","mn":"ADBE Vector Graphic - Stroke"},{"ty":"tr","p":{"k":[8.867,8.867],"ix":2},"a":{"k":[0,0],"ix":1},"s":{"k":[100,100],"ix":3},"r":{"k":0,"ix":6},"o":{"k":100,"ix":7},"sk":{"k":0,"ix":4},"sa":{"k":0,"ix":5},"nm":"Transform"}],"nm":"Group 3","np":2,"mn":"ADBE Vector Group"}],"ip":0,"op":76,"st":0,"bm":0,"sr":1},{"ddd":0,"ind":18,"ty":4,"nm":"BTH","ks":{"o":{"k":100},"r":{"k":0},"p":{"k":[155.217,95.083,0]},"a":{"k":[5.947,10.005,0]},"s":{"k":[{"i":{"x":[0.667,0.667,0.667],"y":[1,1,0.667]},"o":{"x":[0.333,0.333,0.333],"y":[0,0,0.333]},"n":["0p667_1_0p333_0","0p667_1_0p333_0","0p667_0p667_0p333_0p333"],"t":0,"s":[75,75,100],"e":[100,100,100]},{"i":{"x":[0.667,0.667,0.667],"y":[1,1,0.667]},"o":{"x":[0.333,0.333,0.333],"y":[0,0,0.333]},"n":["0p667_1_0p333_0","0p667_1_0p333_0","0p667_0p667_0p333_0p333"],"t":37,"s":[100,100,100],"e":[75,75,100]},{"t":74}]}},"ao":0,"shapes":[{"ty":"gr","it":[{"ind":0,"ty":"sh","ks":{"k":{"i":[[0,0],[0,0],[0,0],[0,0],[0,0],[0,0]],"o":[[0,0],[0,0],[0,0],[0,0],[0,0],[0,0]],"v":[[-3.447,2.201],[3.447,-3.679],[-0.936,-7.505],[-0.936,7.505],[3.447,3.738],[-3.447,-2.142]],"c":false}},"nm":"Path 1","mn":"ADBE Vector Shape - Group"},{"ty":"st","fillEnabled":true,"c":{"k":[0.2,0.2,0.2,1]},"o":{"k":100},"w":{"k":1},"lc":2,"lj":2,"nm":"Stroke 1","mn":"ADBE Vector Graphic - Stroke"},{"ty":"tr","p":{"k":[5.946,10.005],"ix":2},"a":{"k":[0,0],"ix":1},"s":{"k":[100,100],"ix":3},"r":{"k":0,"ix":6},"o":{"k":100,"ix":7},"sk":{"k":0,"ix":4},"sa":{"k":0,"ix":5},"nm":"Transform"}],"nm":"Group 1","np":2,"mn":"ADBE Vector Group"}],"ip":0,"op":76,"st":0,"bm":0,"sr":1},{"ddd":0,"ind":19,"ty":4,"nm":"MWO","ks":{"o":{"k":100},"r":{"k":0},"p":{"k":[{"i":{"x":0.833,"y":0.833},"o":{"x":0.167,"y":0.167},"n":"0p833_0p833_0p167_0p167","t":0,"s":[64.5,143.5,0],"e":[64.5,139.5,0],"to":[0,-0.66666668653488,0],"ti":[0,0,0]},{"i":{"x":0.833,"y":0.833},"o":{"x":0.167,"y":0.167},"n":"0p833_0p833_0p167_0p167","t":15,"s":[64.5,139.5,0],"e":[64.5,143.5,0],"to":[0,0,0],"ti":[0.66666668653488,-0.66666668653488,0]},{"i":{"x":0.833,"y":0.833},"o":{"x":0.167,"y":0.167},"n":"0p833_0p833_0p167_0p167","t":35,"s":[64.5,143.5,0],"e":[60.5,143.5,0],"to":[-0.66666668653488,0.66666668653488,0],"ti":[0,0,0]},{"i":{"x":0.833,"y":0.833},"o":{"x":0.167,"y":0.167},"n":"0p833_0p833_0p167_0p167","t":55,"s":[60.5,143.5,0],"e":[64.5,143.5,0],"to":[0,0,0],"ti":[-0.66666668653488,0,0]},{"t":74}]},"a":{"k":[16.267,11.44,0]},"s":{"k":[100,100,100]}},"ao":0,"shapes":[{"ty":"gr","it":[{"ind":0,"ty":"sh","ks":{"k":{"i":[[0,0],[0,0],[0,0],[0,0]],"o":[[0,0],[0,0],[0,0],[0,0]],"v":[[-0.422,-10.768],[0.422,-10.768],[0.422,10.768],[-0.422,10.768]],"c":true}},"nm":"Path 1","mn":"ADBE Vector Shape - Group"},{"ty":"mm","mm":4,"nm":"Merge Paths 1","mn":"ADBE Vector Filter - Merge"},{"ty":"fl","fillEnabled":true,"c":{"k":[0,0,0,1]},"o":{"k":100},"nm":"Fill 1","mn":"ADBE Vector Graphic - Fill"},{"ty":"tr","p":{"k":[25.015,11.44],"ix":2},"a":{"k":[0,0],"ix":1},"s":{"k":[100,100],"ix":3},"r":{"k":0,"ix":6},"o":{"k":100,"ix":7},"sk":{"k":0,"ix":4},"sa":{"k":0,"ix":5},"nm":"Transform"}],"nm":"Group 1","np":3,"mn":"ADBE Vector Group"},{"ty":"gr","it":[{"ind":0,"ty":"sh","ks":{"k":{"i":[[0,0],[0.001,-0.233],[0,0],[-0.233,-0.001],[0,0],[-0.001,0.233],[0,0],[0.233,0.001]],"o":[[-0.233,0.001],[0,0],[0.001,0.233],[0,0],[0.233,-0.001],[0,0],[-0.001,-0.233],[0,0]],"v":[[-8.517,-5.767],[-8.939,-5.345],[-8.939,5.344],[-8.517,5.766],[8.517,5.766],[8.939,5.344],[8.939,-5.345],[8.517,-5.767]],"c":true}},"nm":"Path 1","mn":"ADBE Vector Shape - Group"},{"ind":1,"ty":"sh","ks":{"k":{"i":[[0.699,-0.001],[0,0],[0.001,0.699],[0,0],[-0.699,0.001],[0,0],[-0.001,-0.699],[0,0]],"o":[[0,0],[-0.699,-0.001],[0,0],[0.001,-0.699],[0,0],[0.699,0.001],[0,0],[-0.001,0.699]],"v":[[8.517,6.611],[-8.517,6.611],[-9.783,5.344],[-9.783,-5.345],[-8.517,-6.611],[8.517,-6.611],[9.783,-5.345],[9.783,5.344]],"c":true}},"nm":"Path 2","mn":"ADBE Vector Shape - Group"},{"ty":"mm","mm":1,"nm":"Merge Paths 1","mn":"ADBE Vector Filter - Merge"},{"ty":"mm","mm":4,"nm":"Merge Paths 2","mn":"ADBE Vector Filter - Merge"},{"ty":"fl","fillEnabled":true,"c":{"k":[0,0,0,1]},"o":{"k":100},"nm":"Fill 1","mn":"ADBE Vector Graphic - Fill"},{"ty":"tr","p":{"k":[12.97,11.44],"ix":2},"a":{"k":[0,0],"ix":1},"s":{"k":[100,100],"ix":3},"r":{"k":0,"ix":6},"o":{"k":100,"ix":7},"sk":{"k":0,"ix":4},"sa":{"k":0,"ix":5},"nm":"Transform"}],"nm":"Group 2","np":5,"mn":"ADBE Vector Group"},{"ty":"gr","it":[{"ind":0,"ty":"sh","ks":{"k":{"i":[[0,0],[0.001,-0.543],[0,0],[-0.544,-0.001],[0,0],[0,0.544],[0,0],[0.543,0.001]],"o":[[-0.543,0.001],[0,0],[0.001,0.544],[0,0],[0.544,-0.001],[0,0],[-0.001,-0.543],[0,0]],"v":[[-14.188,-10.346],[-15.173,-9.362],[-15.173,9.361],[-14.188,10.346],[14.189,10.346],[15.173,9.361],[15.173,-9.362],[14.189,-10.346]],"c":true}},"nm":"Path 1","mn":"ADBE Vector Shape - Group"},{"ind":1,"ty":"sh","ks":{"k":{"i":[[1.009,-0.002],[0,0],[0.002,1.009],[0,0],[-1.009,0.001],[0,0],[-0.002,-1.009],[0,0]],"o":[[0,0],[-1.009,-0.002],[0,0],[0.002,-1.009],[0,0],[1.009,0.001],[0,0],[-0.002,1.009]],"v":[[14.189,11.19],[-14.188,11.19],[-16.018,9.361],[-16.018,-9.362],[-14.188,-11.19],[14.189,-11.19],[16.018,-9.362],[16.018,9.361]],"c":true}},"nm":"Path 2","mn":"ADBE Vector Shape - Group"},{"ty":"mm","mm":1,"nm":"Merge Paths 1","mn":"ADBE Vector Filter - Merge"},{"ty":"mm","mm":4,"nm":"Merge Paths 2","mn":"ADBE Vector Filter - Merge"},{"ty":"fl","fillEnabled":true,"c":{"k":[0,0,0,1]},"o":{"k":100},"nm":"Fill 1","mn":"ADBE Vector Graphic - Fill"},{"ty":"tr","p":{"k":[16.267,11.44],"ix":2},"a":{"k":[0,0],"ix":1},"s":{"k":[100,100],"ix":3},"r":{"k":0,"ix":6},"o":{"k":100,"ix":7},"sk":{"k":0,"ix":4},"sa":{"k":0,"ix":5},"nm":"Transform"}],"nm":"Group 3","np":5,"mn":"ADBE Vector Group"},{"ty":"gr","it":[{"ind":0,"ty":"sh","ks":{"k":{"i":[[-0.615,0],[0,-0.615],[0.615,0],[0,0.615]],"o":[[0.615,0],[0,0.615],[-0.615,0],[0,-0.615]],"v":[[0,-1.114],[1.114,0],[0,1.114],[-1.114,0]],"c":true}},"nm":"Path 1","mn":"ADBE Vector Shape - Group"},{"ty":"mm","mm":4,"nm":"Merge Paths 1","mn":"ADBE Vector Filter - Merge"},{"ty":"fl","fillEnabled":true,"c":{"k":[0,0,0,1]},"o":{"k":100},"nm":"Fill 1","mn":"ADBE Vector Graphic - Fill"},{"ty":"tr","p":{"k":[28.352,6.485],"ix":2},"a":{"k":[0,0],"ix":1},"s":{"k":[100,100],"ix":3},"r":{"k":0,"ix":6},"o":{"k":100,"ix":7},"sk":{"k":0,"ix":4},"sa":{"k":0,"ix":5},"nm":"Transform"}],"nm":"Group 4","np":3,"mn":"ADBE Vector Group"}],"ip":0,"op":76,"st":0,"bm":0,"sr":1},{"ddd":0,"ind":20,"ty":4,"nm":"EYE","ks":{"o":{"k":100},"r":{"k":0},"p":{"k":[103.299,136.558,0]},"a":{"k":[9.385,4.661,0]},"s":{"k":[{"i":{"x":[0.667,0.667,0.667],"y":[1,1,0.667]},"o":{"x":[0.333,0.333,0.333],"y":[0,0,0.333]},"n":["0p667_1_0p333_0","0p667_1_0p333_0","0p667_0p667_0p333_0p333"],"t":0,"s":[75,75,100],"e":[100,100,100]},{"i":{"x":[0.667,0.667,0.667],"y":[1,1,0.667]},"o":{"x":[0.333,0.333,0.333],"y":[0,0,0.333]},"n":["0p667_1_0p333_0","0p667_1_0p333_0","0p667_0p667_0p333_0p333"],"t":37,"s":[100,100,100],"e":[75,75,100]},{"t":74}]}},"ao":0,"shapes":[{"ty":"gr","it":[{"ind":0,"ty":"sh","ks":{"k":{"i":[[0,0],[-3.982,0],[-2.633,2.517],[2.68,0],[0.836,-0.933]],"o":[[0.834,0.933],[2.678,0],[-2.631,-2.518],[-3.983,0],[0,0]],"v":[[-7.912,0],[-0.212,3.794],[7.788,0],[-0.212,-3.794],[-7.914,0]],"c":true}},"nm":"Path 1","mn":"ADBE Vector Shape - Group"},{"ind":1,"ty":"sh","ks":{"k":{"i":[[3.055,0],[0.14,0.182],[0,0],[0,0],[-5.209,0],[-2.925,-2.924],[0,0],[0,0]],"o":[[-5.211,0],[0,0],[0,0],[0.141,-0.182],[3.055,0],[0,0],[0,0],[-2.925,2.924]],"v":[[-0.212,4.743],[-8.912,0.289],[-9.135,0],[-8.912,-0.29],[-0.212,-4.743],[8.8,-0.336],[9.135,0],[8.8,0.336]],"c":true}},"nm":"Path 2","mn":"ADBE Vector Shape - Group"},{"ty":"mm","mm":1,"nm":"Merge Paths 1","mn":"ADBE Vector Filter - Merge"},{"ty":"mm","mm":4,"nm":"Merge Paths 2","mn":"ADBE Vector Filter - Merge"},{"ty":"fl","fillEnabled":true,"c":{"k":[0.2,0.2,0.2,1]},"o":{"k":100},"nm":"Fill 1","mn":"ADBE Vector Graphic - Fill"},{"ty":"tr","p":{"k":[9.385,4.993],"ix":2},"a":{"k":[0,0],"ix":1},"s":{"k":[100,100],"ix":3},"r":{"k":0,"ix":6},"o":{"k":100,"ix":7},"sk":{"k":0,"ix":4},"sa":{"k":0,"ix":5},"nm":"Transform"}],"nm":"Group 1","np":5,"mn":"ADBE Vector Group"},{"ty":"gr","it":[{"ind":0,"ty":"sh","ks":{"k":{"i":[[0,0],[0,-1.297],[-1.297,0],[0,1.297],[1.295,0.001]],"o":[[-1.297,0],[0,1.297],[1.297,0],[-0.003,-1.295],[0,0]],"v":[[0,-2.345],[-2.348,0.003],[0,2.351],[2.348,0.003],[0,-2.342]],"c":true}},"nm":"Path 1","mn":"ADBE Vector Shape - Group"},{"ind":1,"ty":"sh","ks":{"k":{"i":[[1.823,0],[0,1.823],[-1.823,0],[0,-1.823]],"o":[[-1.823,0],[0,-1.823],[1.823,0],[0,1.823]],"v":[[0,3.3],[-3.3,0],[0,-3.3],[3.3,0]],"c":true}},"nm":"Path 2","mn":"ADBE Vector Shape - Group"},{"ty":"mm","mm":1,"nm":"Merge Paths 1","mn":"ADBE Vector Filter - Merge"},{"ty":"mm","mm":4,"nm":"Merge Paths 2","mn":"ADBE Vector Filter - Merge"},{"ty":"fl","fillEnabled":true,"c":{"k":[0.2,0.2,0.2,1]},"o":{"k":100},"nm":"Fill 1","mn":"ADBE Vector Graphic - Fill"},{"ty":"tr","p":{"k":[9.349,4.987],"ix":2},"a":{"k":[0,0],"ix":1},"s":{"k":[100,100],"ix":3},"r":{"k":0,"ix":6},"o":{"k":100,"ix":7},"sk":{"k":0,"ix":4},"sa":{"k":0,"ix":5},"nm":"Transform"}],"nm":"Group 2","np":5,"mn":"ADBE Vector Group"}],"ip":0,"op":76,"st":0,"bm":0,"sr":1},{"ddd":0,"ind":21,"ty":4,"nm":"Layer 24 Outlines","parent":24,"ks":{"o":{"k":100},"r":{"k":0},"p":{"k":[27.477,2.006,0]},"a":{"k":[0.261,7.533,0]},"s":{"k":[{"i":{"x":[0.667,0.667,0.667],"y":[1,1,0.667]},"o":{"x":[0.333,0.333,0.333],"y":[0,0,0.333]},"n":["0p667_1_0p333_0","0p667_1_0p333_0","0p667_0p667_0p333_0p333"],"t":55,"s":[0,0,100],"e":[100,100,100]},{"t":65}]}},"ao":0,"shapes":[{"ty":"gr","it":[{"ind":0,"ty":"sh","ks":{"k":{"i":[[0.271,0],[0,0],[-0.008,0.276],[0,0],[3.046,0.096],[0.116,-0.004],[0.013,0.269],[0,0.007],[-0.276,0.008],[-1.275,-1.267],[0.062,-1.799]],"o":[[0,0],[-0.276,-0.008],[0,0],[0.096,-3.046],[-0.115,-0.004],[-0.27,0.014],[-0.001,-0.008],[-0.008,-0.276],[1.797,-0.05],[1.277,1.269],[-0.008,0.271]],"v":[[3.075,3.627],[3.059,3.627],[2.575,3.112],[2.575,3.112],[-2.768,-2.577],[-3.115,-2.577],[-3.628,-3.04],[-3.628,-3.062],[-3.143,-3.577],[1.669,-1.671],[3.575,3.141]],"c":true}},"nm":"Path 1","mn":"ADBE Vector Shape - Group"},{"ty":"mm","mm":4,"nm":"Merge Paths 1","mn":"ADBE Vector Filter - Merge"},{"ty":"fl","fillEnabled":true,"c":{"k":[0.69,0,0.13,1]},"o":{"k":100},"nm":"Fill 1","mn":"ADBE Vector Graphic - Fill"},{"ty":"tr","p":{"k":[3.886,3.877],"ix":2},"a":{"k":[0,0],"ix":1},"s":{"k":[100,100],"ix":3},"r":{"k":0,"ix":6},"o":{"k":100,"ix":7},"sk":{"k":0,"ix":4},"sa":{"k":0,"ix":5},"nm":"Transform"}],"nm":"Group 1","np":3,"mn":"ADBE Vector Group"}],"ip":0,"op":76,"st":0,"bm":0,"sr":1},{"ddd":0,"ind":22,"ty":4,"nm":"Layer 25 Outlines","parent":24,"ks":{"o":{"k":100},"r":{"k":0},"p":{"k":[27.497,1.955,0]},"a":{"k":[0.229,5.657,0]},"s":{"k":[{"i":{"x":[0.667,0.667,0.667],"y":[1,1,0.667]},"o":{"x":[0.333,0.333,0.333],"y":[0,0,0.333]},"n":["0p667_1_0p333_0","0p667_1_0p333_0","0p667_0p667_0p333_0p333"],"t":45,"s":[0,0,100],"e":[100,100,100]},{"t":55}]}},"ao":0,"shapes":[{"ty":"gr","it":[{"ind":0,"ty":"sh","ks":{"k":{"i":[[0.271,0],[0,0],[-0.008,0.276],[0,0],[0.728,0.723],[1.026,-0.043],[0.013,0.27],[0,0.006],[-0.276,0.008],[-0.923,-0.914],[0.045,-1.301]],"o":[[0,0],[-0.276,-0.008],[0,0],[0.036,-1.025],[-0.719,-0.734],[-0.271,0.013],[-0.001,-0.007],[-0.008,-0.276],[1.299,-0.034],[0.924,0.917],[-0.008,0.271]],"v":[[2.153,2.688],[2.139,2.688],[1.653,2.174],[1.653,2.173],[0.568,-0.569],[-2.175,-1.654],[-2.689,-2.12],[-2.69,-2.14],[-2.204,-2.654],[1.275,-1.276],[2.653,2.202]],"c":true}},"nm":"Path 1","mn":"ADBE Vector Shape - Group"},{"ty":"mm","mm":4,"nm":"Merge Paths 1","mn":"ADBE Vector Filter - Merge"},{"ty":"fl","fillEnabled":true,"c":{"k":[0.69,0,0.13,1]},"o":{"k":100},"nm":"Fill 1","mn":"ADBE Vector Graphic - Fill"},{"ty":"tr","p":{"k":[2.947,2.938],"ix":2},"a":{"k":[0,0],"ix":1},"s":{"k":[100,100],"ix":3},"r":{"k":0,"ix":6},"o":{"k":100,"ix":7},"sk":{"k":0,"ix":4},"sa":{"k":0,"ix":5},"nm":"Transform"}],"nm":"Group 1","np":3,"mn":"ADBE Vector Group"}],"ip":0,"op":76,"st":0,"bm":0,"sr":1},{"ddd":0,"ind":23,"ty":4,"nm":"Layer 7 Outlines","parent":24,"ks":{"o":{"k":100},"r":{"k":0},"p":{"k":[27.61,1.839,0]},"a":{"k":[0.289,3.719,0]},"s":{"k":[{"i":{"x":[0.667,0.667,0.667],"y":[1,1,0.667]},"o":{"x":[0.333,0.333,0.333],"y":[0,0,0.333]},"n":["0p667_1_0p333_0","0p667_1_0p333_0","0p667_0p667_0p333_0p333"],"t":35,"s":[0,0,100],"e":[100,100,100]},{"t":45}]}},"ao":0,"shapes":[{"ty":"gr","it":[{"ind":0,"ty":"sh","ks":{"k":{"i":[[0.27,0],[0,0],[-0.008,0.276],[0,0],[0.372,0.372],[0.527,-0.025],[0.012,0.271],[0,0.006],[-0.276,0.008],[0,0],[-0.569,-0.564],[0.028,-0.802]],"o":[[0,0],[-0.276,-0.008],[0,0],[0.018,-0.526],[-0.369,-0.378],[-0.271,0.013],[-0.001,-0.006],[-0.008,-0.276],[0,0],[0.801,-0.023],[0.569,0.566],[-0.008,0.27]],"v":[[1.23,1.751],[1.214,1.751],[0.73,1.236],[0.73,1.236],[0.174,-0.173],[-1.234,-0.727],[-1.749,-1.195],[-1.749,-1.212],[-1.264,-1.727],[-1.264,-1.727],[0.882,-0.88],[1.73,1.266]],"c":true}},"nm":"Path 1","mn":"ADBE Vector Shape - Group"},{"ty":"mm","mm":4,"nm":"Merge Paths 1","mn":"ADBE Vector Filter - Merge"},{"ty":"fl","fillEnabled":true,"c":{"k":[0.69,0,0.13,1]},"o":{"k":100},"nm":"Fill 1","mn":"ADBE Vector Graphic - Fill"},{"ty":"tr","p":{"k":[2.007,2.001],"ix":2},"a":{"k":[0,0],"ix":1},"s":{"k":[100,100],"ix":3},"r":{"k":0,"ix":6},"o":{"k":100,"ix":7},"sk":{"k":0,"ix":4},"sa":{"k":0,"ix":5},"nm":"Transform"}],"nm":"Group 1","np":3,"mn":"ADBE Vector Group"}],"ip":0,"op":76,"st":0,"bm":0,"sr":1},{"ddd":0,"ind":24,"ty":4,"nm":"WM","ks":{"o":{"k":100},"r":{"k":0},"p":{"k":[{"i":{"x":0.833,"y":0.833},"o":{"x":0.167,"y":0.167},"n":"0p833_0p833_0p167_0p167","t":0,"s":[140.316,138.298,0],"e":[135,138.298,0],"to":[-0.88599902391434,0,0],"ti":[0.88599902391434,0.88291674852371,0]},{"i":{"x":0.833,"y":0.833},"o":{"x":0.167,"y":0.167},"n":"0p833_0p833_0p167_0p167","t":15,"s":[135,138.298,0],"e":[135,133,0],"to":[-0.88599902391434,-0.88291674852371,0],"ti":[-0.88599997758865,0.88291674852371,0]},{"i":{"x":0.833,"y":0.833},"o":{"x":0.167,"y":0.167},"n":"0p833_0p833_0p167_0p167","t":35,"s":[135,133,0],"e":[140.316,133,0],"to":[0.88599997758865,-0.88291674852371,0],"ti":[-0.88599997758865,-0.88291668891907,0]},{"i":{"x":0.833,"y":0.833},"o":{"x":0.167,"y":0.167},"n":"0p833_0p833_0p167_0p167","t":55,"s":[140.316,133,0],"e":[140.316,138.298,0],"to":[0.88599997758865,0.88291668891907,0],"ti":[0,-0.88291668891907,0]},{"t":74}]},"a":{"k":[14.698,19.549,0]},"s":{"k":[100,100,100]}},"ao":0,"shapes":[{"ty":"gr","it":[{"ind":0,"ty":"sh","ks":{"k":{"i":[[0,0],[0,0],[0,0],[0,0]],"o":[[0,0],[0,0],[0,0],[0,0]],"v":[[-2.898,1.04],[2.902,1.04],[2.902,-1.04],[-2.898,-1.04]],"c":true}},"nm":"Path 1","mn":"ADBE Vector Shape - Group"},{"ind":1,"ty":"sh","ks":{"k":{"i":[[0,0],[0,0],[0.001,0.139],[0,0],[0,0],[-0.139,0],[0,0],[0,0],[-0.001,-0.139],[0,0],[0,0],[0.139,-0.001],[0,0]],"o":[[0,0],[-0.139,0],[0,0],[0,0],[0,-0.139],[0,0],[0,0],[0.139,-0.001],[0,0],[0,0],[0.001,0.139],[0,0],[0,0]],"v":[[2.946,1.339],[-2.946,1.339],[-3.199,1.089],[-3.199,1.087],[-3.199,-1.087],[-2.947,-1.339],[-2.946,-1.339],[2.946,-1.339],[3.199,-1.089],[3.199,-1.087],[3.199,1.087],[2.949,1.342],[2.946,1.342]],"c":true}},"nm":"Path 2","mn":"ADBE Vector Shape - Group"},{"ind":2,"ty":"sh","ks":{"k":{"i":[[0,0],[0,-0.377],[0,0],[-0.377,-0.001],[0,0],[0,0.377],[0,0],[0.377,0]],"o":[[-0.377,0],[0,0],[0,0.377],[0,0],[0.377,-0.001],[0,0],[0,-0.377],[0,0]],"v":[[-2.946,-1.771],[-3.629,-1.087],[-3.629,1.087],[-2.946,1.771],[2.946,1.771],[3.629,1.087],[3.629,-1.087],[2.946,-1.771]],"c":true}},"nm":"Path 3","mn":"ADBE Vector Shape - Group"},{"ind":3,"ty":"sh","ks":{"k":{"i":[[0.543,-0.001],[0,0],[0.001,0.543],[0,0],[-0.543,0.001],[0,0],[-0.001,-0.543],[0,0]],"o":[[0,0],[-0.543,-0.001],[0,0],[0.001,-0.543],[0,0],[0.543,0.001],[0,0],[-0.001,0.543]],"v":[[2.946,2.07],[-2.946,2.07],[-3.93,1.087],[-3.93,-1.087],[-2.946,-2.07],[2.946,-2.07],[3.93,-1.087],[3.93,1.087]],"c":true}},"nm":"Path 4","mn":"ADBE Vector Shape - Group"},{"ty":"mm","mm":1,"nm":"Merge Paths 1","mn":"ADBE Vector Filter - Merge"},{"ty":"mm","mm":4,"nm":"Merge Paths 2","mn":"ADBE Vector Filter - Merge"},{"ty":"fl","fillEnabled":true,"c":{"k":[0.69,0,0.13,1]},"o":{"k":100},"nm":"Fill 1","mn":"ADBE Vector Graphic - Fill"},{"ty":"tr","p":{"k":[22.882,4.612],"ix":2},"a":{"k":[0,0],"ix":1},"s":{"k":[100,100],"ix":3},"r":{"k":0,"ix":6},"o":{"k":100,"ix":7},"sk":{"k":0,"ix":4},"sa":{"k":0,"ix":5},"nm":"Transform"}],"nm":"Group 1","np":7,"mn":"ADBE Vector Group"},{"ty":"gr","it":[{"ind":0,"ty":"sh","ks":{"k":{"i":[[0,0],[0,-0.055],[0,0],[-0.055,0],[0,0],[0,0.055],[0,0],[0.055,0]],"o":[[-0.055,0],[0,0],[0,0.055],[0,0],[0.055,0],[0,0],[0,-0.055],[0,0]],"v":[[-2.945,-1.191],[-3.045,-1.09],[-3.045,1.085],[-2.945,1.184],[2.946,1.184],[3.046,1.085],[3.046,-1.09],[2.946,-1.191]],"c":true}},"nm":"Path 1","mn":"ADBE Vector Shape - Group"},{"ind":1,"ty":"sh","ks":{"k":{"i":[[0.46,-0.001],[0,0],[0.001,0.46],[0,0],[-0.46,0],[0,0],[-0.001,-0.46],[0,0]],"o":[[0,0],[-0.46,0],[0,0],[0.001,-0.46],[0,0],[0.46,0.001],[0,0],[-0.001,0.46]],"v":[[2.946,1.921],[-2.945,1.921],[-3.779,1.088],[-3.779,-1.087],[-2.945,-1.921],[2.946,-1.921],[3.779,-1.087],[3.779,1.088]],"c":true}},"nm":"Path 2","mn":"ADBE Vector Shape - Group"},{"ty":"mm","mm":1,"nm":"Merge Paths 1","mn":"ADBE Vector Filter - Merge"},{"ty":"mm","mm":4,"nm":"Merge Paths 2","mn":"ADBE Vector Filter - Merge"},{"ty":"fl","fillEnabled":true,"c":{"k":[0.69,0,0.13,1]},"o":{"k":100},"nm":"Fill 1","mn":"ADBE Vector Graphic - Fill"},{"ty":"tr","p":{"k":[22.882,4.611],"ix":2},"a":{"k":[0,0],"ix":1},"s":{"k":[100,100],"ix":3},"r":{"k":0,"ix":6},"o":{"k":100,"ix":7},"sk":{"k":0,"ix":4},"sa":{"k":0,"ix":5},"nm":"Transform"}],"nm":"Group 2","np":5,"mn":"ADBE Vector Group"},{"ty":"gr","it":[{"ind":0,"ty":"sh","ks":{"k":{"i":[[0,0],[0.004,-0.608],[-0.608,-0.004],[-0.21,0.202],[0.424,0.435],[0.29,0.005]],"o":[[-0.608,-0.004],[-0.004,0.608],[0.291,0.003],[0.435,-0.424],[-0.203,-0.208],[0,0]],"v":[[0.002,-1.098],[-1.107,-0.006],[-0.015,1.102],[0.768,0.792],[0.788,-0.763],[0.02,-1.096]],"c":true}},"nm":"Path 1","mn":"ADBE Vector Shape - Group"},{"ind":1,"ty":"sh","ks":{"k":{"i":[[0,0],[0,0],[-0.004,0.773],[-0.773,-0.004],[0,0],[0.011,-0.772],[0,0],[0,0],[0.765,0]],"o":[[0,0],[-0.773,-0.004],[0.003,-0.774],[0,0],[0.772,0.012],[0,0],[0,0],[-0.012,0.765],[0,0]],"v":[[0.002,1.402],[-0.014,1.402],[-1.407,-0.004],[-0.001,-1.398],[0.021,-1.398],[1.4,0.022],[1.249,0.022],[1.4,0.022],[-0.001,1.4]],"c":true}},"nm":"Path 2","mn":"ADBE Vector Shape - Group"},{"ty":"mm","mm":1,"nm":"Merge Paths 1","mn":"ADBE Vector Filter - Merge"},{"ty":"mm","mm":4,"nm":"Merge Paths 2","mn":"ADBE Vector Filter - Merge"},{"ty":"fl","fillEnabled":true,"c":{"k":[0.69,0,0.13,1]},"o":{"k":100},"nm":"Fill 1","mn":"ADBE Vector Graphic - Fill"},{"ty":"tr","p":{"k":[14.701,4.609],"ix":2},"a":{"k":[0,0],"ix":1},"s":{"k":[100,100],"ix":3},"r":{"k":0,"ix":6},"o":{"k":100,"ix":7},"sk":{"k":0,"ix":4},"sa":{"k":0,"ix":5},"nm":"Transform"}],"nm":"Group 3","np":5,"mn":"ADBE Vector Group"},{"ty":"gr","it":[{"ind":0,"ty":"sh","ks":{"k":{"i":[[-0.69,0],[0,-0.69],[0.69,0],[0,0.69]],"o":[[0.69,0],[0,0.69],[-0.69,0],[0,-0.69]],"v":[[0,-1.249],[1.249,0],[0,1.249],[-1.249,0]],"c":true}},"nm":"Path 1","mn":"ADBE Vector Shape - Group"},{"ty":"mm","mm":4,"nm":"Merge Paths 1","mn":"ADBE Vector Filter - Merge"},{"ty":"fl","fillEnabled":true,"c":{"k":[0.69,0,0.13,1]},"o":{"k":100},"nm":"Fill 1","mn":"ADBE Vector Graphic - Fill"},{"ty":"tr","p":{"k":[14.698,4.611],"ix":2},"a":{"k":[0,0],"ix":1},"s":{"k":[100,100],"ix":3},"r":{"k":0,"ix":6},"o":{"k":100,"ix":7},"sk":{"k":0,"ix":4},"sa":{"k":0,"ix":5},"nm":"Transform"}],"nm":"Group 4","np":3,"mn":"ADBE Vector Group"},{"ty":"gr","it":[{"ind":0,"ty":"sh","ks":{"k":{"i":[[0,0],[-0.001,-5.423],[-5.423,0.001],[0,5.423],[5.419,0.005]],"o":[[-5.423,0.001],[0.001,5.423],[5.423,-0.001],[-0.009,-5.419],[0,0]],"v":[[0,-9.823],[-9.819,-0.002],[0.002,9.817],[9.821,-0.003],[0,-9.818]],"c":true}},"nm":"Path 1","mn":"ADBE Vector Shape - Group"},{"ind":1,"ty":"sh","ks":{"k":{"i":[[0,0],[-0.001,5.589],[-5.589,-0.001],[-0.001,-5.588],[5.591,-0.006]],"o":[[-5.589,-0.001],[0.001,-5.589],[5.588,0.001],[-0.001,5.591],[0,0]],"v":[[0,10.118],[-10.119,-0.003],[0.002,-10.122],[10.121,-0.003],[0,10.127]],"c":true}},"nm":"Path 2","mn":"ADBE Vector Shape - Group"},{"ind":2,"ty":"sh","ks":{"k":{"i":[[0,0],[0,-5.909],[-5.909,0],[0,5.909],[5.905,0.005]],"o":[[-5.909,0],[0,5.909],[5.909,0],[-0.008,-5.905],[0,0]],"v":[[0,-10.7],[-10.7,0],[0,10.7],[10.7,0],[0,-10.695]],"c":true}},"nm":"Path 3","mn":"ADBE Vector Shape - Group"},{"ind":3,"ty":"sh","ks":{"k":{"i":[[6.073,-0.006],[0,6.075],[-6.075,0],[0,-6.075]],"o":[[-6.075,0],[0,-6.075],[6.075,0],[-0.006,6.073]],"v":[[0,11],[-11,0],[0,-11],[11,0]],"c":true}},"nm":"Path 4","mn":"ADBE Vector Shape - Group"},{"ty":"mm","mm":1,"nm":"Merge Paths 1","mn":"ADBE Vector Filter - Merge"},{"ty":"mm","mm":4,"nm":"Merge Paths 2","mn":"ADBE Vector Filter - Merge"},{"ty":"fl","fillEnabled":true,"c":{"k":[0.69,0,0.13,1]},"o":{"k":100},"nm":"Fill 1","mn":"ADBE Vector Graphic - Fill"},{"ty":"tr","p":{"k":[14.698,19.926],"ix":2},"a":{"k":[0,0],"ix":1},"s":{"k":[100,100],"ix":3},"r":{"k":0,"ix":6},"o":{"k":100,"ix":7},"sk":{"k":0,"ix":4},"sa":{"k":0,"ix":5},"nm":"Transform"}],"nm":"Group 5","np":7,"mn":"ADBE Vector Group"},{"ty":"gr","it":[{"ind":0,"ty":"sh","ks":{"k":{"i":[[0,0],[0,-5.507],[-5.507,0],[0,5.507],[0,0],[5.506,0.006]],"o":[[-5.507,0],[0,5.507],[5.507,0],[0,0],[-0.004,-5.506],[0,0]],"v":[[-0.001,-9.971],[-9.972,0.001],[-0.001,9.971],[9.971,0.001],[9.971,-0.001],[-0.001,-9.975]],"c":true}},"nm":"Path 1","mn":"ADBE Vector Shape - Group"},{"ind":1,"ty":"sh","ks":{"k":{"i":[[5.988,-0.007],[-0.001,5.991],[-5.991,-0.001],[-0.001,-5.99]],"o":[[-5.991,-0.001],[0.001,-5.991],[5.99,0.001],[-0.007,5.988]],"v":[[-0.001,10.848],[-10.847,-0.001],[0.002,-10.846],[10.848,-0.001]],"c":true}},"nm":"Path 2","mn":"ADBE Vector Shape - Group"},{"ty":"mm","mm":1,"nm":"Merge Paths 1","mn":"ADBE Vector Filter - Merge"},{"ty":"mm","mm":4,"nm":"Merge Paths 2","mn":"ADBE Vector Filter - Merge"},{"ty":"fl","fillEnabled":true,"c":{"k":[0.69,0,0.13,1]},"o":{"k":100},"nm":"Fill 1","mn":"ADBE Vector Graphic - Fill"},{"ty":"tr","p":{"k":[14.698,19.928],"ix":2},"a":{"k":[0,0],"ix":1},"s":{"k":[100,100],"ix":3},"r":{"k":0,"ix":6},"o":{"k":100,"ix":7},"sk":{"k":0,"ix":4},"sa":{"k":0,"ix":5},"nm":"Transform"}],"nm":"Group 6","np":5,"mn":"ADBE Vector Group"},{"ty":"gr","it":[{"ind":0,"ty":"sh","ks":{"k":{"i":[[0,0],[0.001,-0.643],[0,0],[-0.643,-0.001],[0,0],[-0.001,0.643],[0,0],[0.643,0.001]],"o":[[-0.643,0.001],[0,0],[0.001,0.643],[0,0],[0.643,-0.001],[0,0],[-0.001,-0.643],[0,0]],"v":[[-12.105,-18.124],[-13.27,-16.958],[-13.27,16.953],[-12.105,18.118],[12.105,18.118],[13.27,16.953],[13.27,-16.955],[12.105,-18.12]],"c":true}},"nm":"Path 1","mn":"ADBE Vector Shape - Group"},{"ind":1,"ty":"sh","ks":{"k":{"i":[[0,0],[0,0],[0.001,0.809],[0,0],[-0.809,0],[0,0],[-0.002,-0.809],[0,0],[0.809,-0.001]],"o":[[0,0],[-0.809,-0.001],[0,0],[0.001,-0.809],[0,0],[0.809,0.001],[0,0],[-0.002,0.809],[0,0]],"v":[[12.105,18.419],[-12.105,18.419],[-13.571,16.953],[-13.571,-16.955],[-12.105,-18.421],[12.105,-18.421],[13.571,-16.955],[13.571,16.956],[12.105,18.421]],"c":true}},"nm":"Path 2","mn":"ADBE Vector Shape - Group"},{"ind":2,"ty":"sh","ks":{"k":{"i":[[0,0],[0.001,-1.127],[0,0],[-1.127,-0.001],[0,0],[-0.001,1.127],[0,0],[1.126,0.002]],"o":[[-1.127,0.002],[0,0],[0.001,1.127],[0,0],[1.127,-0.001],[0,0],[-0.003,-1.126],[0,0]],"v":[[-12.105,-19.001],[-14.147,-16.958],[-14.147,16.953],[-12.105,18.995],[12.105,18.995],[14.147,16.953],[14.147,-16.955],[12.105,-18.995]],"c":true}},"nm":"Path 3","mn":"ADBE Vector Shape - Group"},{"ind":3,"ty":"sh","ks":{"k":{"i":[[1.293,-0.001],[0,0],[0.002,1.293],[0,0],[-1.293,0.002],[0,0],[-0.002,-1.293],[0,0]],"o":[[0,0],[-1.293,-0.001],[0,0],[0.002,-1.293],[0,0],[1.293,0.002],[0,0],[-0.002,1.293]],"v":[[12.105,19.298],[-12.105,19.298],[-14.448,16.956],[-14.448,-16.955],[-12.105,-19.298],[12.105,-19.298],[14.448,-16.955],[14.448,16.956]],"c":true}},"nm":"Path 4","mn":"ADBE Vector Shape - Group"},{"ty":"mm","mm":1,"nm":"Merge Paths 1","mn":"ADBE Vector Filter - Merge"},{"ty":"mm","mm":4,"nm":"Merge Paths 2","mn":"ADBE Vector Filter - Merge"},{"ty":"fl","fillEnabled":true,"c":{"k":[0.69,0,0.13,1]},"o":{"k":100},"nm":"Fill 1","mn":"ADBE Vector Graphic - Fill"},{"ty":"tr","p":{"k":[14.698,19.549],"ix":2},"a":{"k":[0,0],"ix":1},"s":{"k":[100,100],"ix":3},"r":{"k":0,"ix":6},"o":{"k":100,"ix":7},"sk":{"k":0,"ix":4},"sa":{"k":0,"ix":5},"nm":"Transform"}],"nm":"Group 7","np":7,"mn":"ADBE Vector Group"},{"ty":"gr","it":[{"ind":0,"ty":"sh","ks":{"k":{"i":[[0,0],[0.001,-0.726],[0,0],[-0.727,-0.001],[0,0],[-0.001,0.727],[0,0],[0.726,0.001]],"o":[[-0.726,0.001],[0,0],[0.001,0.727],[0,0],[0.727,-0.001],[0,0],[-0.001,-0.726],[0,0]],"v":[[-12.104,-18.271],[-13.421,-16.956],[-13.421,16.956],[-12.104,18.271],[12.105,18.271],[13.421,16.956],[13.421,-16.956],[12.105,-18.271]],"c":true}},"nm":"Path 1","mn":"ADBE Vector Shape - Group"},{"ind":1,"ty":"sh","ks":{"k":{"i":[[1.21,-0.004],[0,0],[0.004,1.21],[0,0],[-1.21,0.004],[0,0],[-0.004,-1.21],[0,0]],"o":[[0,0],[-1.21,-0.004],[0,0],[0.004,-1.21],[0,0],[1.21,0.004],[0,0],[-0.004,1.21]],"v":[[12.105,19.148],[-12.104,19.148],[-14.298,16.956],[-14.298,-16.956],[-12.104,-19.148],[12.105,-19.148],[14.298,-16.956],[14.298,16.956]],"c":true}},"nm":"Path 2","mn":"ADBE Vector Shape - Group"},{"ty":"mm","mm":1,"nm":"Merge Paths 1","mn":"ADBE Vector Filter - Merge"},{"ty":"mm","mm":4,"nm":"Merge Paths 2","mn":"ADBE Vector Filter - Merge"},{"ty":"fl","fillEnabled":true,"c":{"k":[0.69,0,0.13,1]},"o":{"k":100},"nm":"Fill 1","mn":"ADBE Vector Graphic - Fill"},{"ty":"tr","p":{"k":[14.699,19.549],"ix":2},"a":{"k":[0,0],"ix":1},"s":{"k":[100,100],"ix":3},"r":{"k":0,"ix":6},"o":{"k":100,"ix":7},"sk":{"k":0,"ix":4},"sa":{"k":0,"ix":5},"nm":"Transform"}],"nm":"Group 8","np":5,"mn":"ADBE Vector Group"}],"ip":0,"op":76,"st":0,"bm":0,"sr":1},{"ddd":0,"ind":25,"ty":4,"nm":"Layer 5 Outlines","ks":{"o":{"k":7},"r":{"k":0},"p":{"k":[126.729,108.388,0]},"a":{"k":[31.921,31.921,0]},"s":{"k":[100,100,100]}},"ao":0,"shapes":[{"ty":"gr","it":[{"ind":0,"ty":"sh","ks":{"k":{"i":[[-17.629,0],[0,-17.629],[17.629,0],[0,17.629]],"o":[[17.629,0],[0,17.629],[-17.629,0],[0,-17.629]],"v":[[0,-31.921],[31.921,0],[0,31.921],[-31.921,0]],"c":true}},"nm":"Path 1","mn":"ADBE Vector Shape - Group"},{"ty":"mm","mm":4,"nm":"Merge Paths 1","mn":"ADBE Vector Filter - Merge"},{"ty":"fl","fillEnabled":true,"c":{"k":[0.69,0,0.13,1]},"o":{"k":100},"nm":"Fill 1","mn":"ADBE Vector Graphic - Fill"},{"ty":"tr","p":{"k":[31.921,31.921],"ix":2},"a":{"k":[0,0],"ix":1},"s":{"k":[100,100],"ix":3},"r":{"k":0,"ix":6},"o":{"k":100,"ix":7},"sk":{"k":0,"ix":4},"sa":{"k":0,"ix":5},"nm":"Transform"}],"nm":"Group 1","np":3,"mn":"ADBE Vector Group"}],"ip":0,"op":76,"st":0,"bm":0,"sr":1},{"ddd":0,"ind":26,"ty":4,"nm":"Layer 4 Outlines","ks":{"o":{"k":100},"r":{"k":0},"p":{"k":[28.037,45.211,0]},"a":{"k":[10.509,10.509,0]},"s":{"k":[100,100,100]}},"ao":0,"shapes":[{"ty":"gr","it":[{"ind":0,"ty":"sh","ks":{"k":{"i":[[-5.666,0],[0,-5.666],[5.666,0],[0,5.666]],"o":[[5.666,0],[0,5.666],[-5.666,0],[0,-5.666]],"v":[[0,-10.259],[10.259,0],[0,10.259],[-10.259,0]],"c":true}},"nm":"Path 1","mn":"ADBE Vector Shape - Group"},{"ty":"mm","mm":4,"nm":"Merge Paths 1","mn":"ADBE Vector Filter - Merge"},{"ty":"fl","fillEnabled":true,"c":{"k":[0.95,0.95,0.95,1]},"o":{"k":100},"nm":"Fill 1","mn":"ADBE Vector Graphic - Fill"},{"ty":"tr","p":{"k":[10.509,10.509],"ix":2},"a":{"k":[0,0],"ix":1},"s":{"k":[100,100],"ix":3},"r":{"k":0,"ix":6},"o":{"k":100,"ix":7},"sk":{"k":0,"ix":4},"sa":{"k":0,"ix":5},"nm":"Transform"}],"nm":"Group 1","np":3,"mn":"ADBE Vector Group"}],"ip":0,"op":76,"st":0,"bm":0,"sr":1},{"ddd":0,"ind":27,"ty":4,"nm":"Layer 3 Outlines","ks":{"o":{"k":100},"r":{"k":0},"p":{"k":[176.863,68.877,0]},"a":{"k":[7.84,7.84,0]},"s":{"k":[100,100,100]}},"ao":0,"shapes":[{"ty":"gr","it":[{"ind":0,"ty":"sh","ks":{"k":{"i":[[-4.192,0],[0,-4.192],[4.192,0],[0,4.192]],"o":[[4.192,0],[0,4.192],[-4.192,0],[0,-4.192]],"v":[[0,-7.59],[7.59,0],[0,7.59],[-7.59,0]],"c":true}},"nm":"Path 1","mn":"ADBE Vector Shape - Group"},{"ty":"mm","mm":4,"nm":"Merge Paths 1","mn":"ADBE Vector Filter - Merge"},{"ty":"fl","fillEnabled":true,"c":{"k":[0.95,0.95,0.95,1]},"o":{"k":100},"nm":"Fill 1","mn":"ADBE Vector Graphic - Fill"},{"ty":"tr","p":{"k":[7.84,7.84],"ix":2},"a":{"k":[0,0],"ix":1},"s":{"k":[100,100],"ix":3},"r":{"k":0,"ix":6},"o":{"k":100,"ix":7},"sk":{"k":0,"ix":4},"sa":{"k":0,"ix":5},"nm":"Transform"}],"nm":"Group 1","np":3,"mn":"ADBE Vector Group"}],"ip":0,"op":76,"st":0,"bm":0,"sr":1},{"ddd":0,"ind":28,"ty":4,"nm":"Layer 2 Outlines","ks":{"o":{"k":100},"r":{"k":0},"p":{"k":[94.808,165.187,0]},"a":{"k":[12.409,12.409,0]},"s":{"k":[100,100,100]}},"ao":0,"shapes":[{"ty":"gr","it":[{"ind":0,"ty":"sh","ks":{"k":{"i":[[-6.853,0],[0,-6.853],[6.853,0],[0,6.853]],"o":[[6.853,0],[0,6.853],[-6.853,0],[0,-6.853]],"v":[[0,-12.409],[12.409,0],[0,12.409],[-12.409,0]],"c":true}},"nm":"Path 1","mn":"ADBE Vector Shape - Group"},{"ty":"mm","mm":4,"nm":"Merge Paths 1","mn":"ADBE Vector Filter - Merge"},{"ty":"fl","fillEnabled":true,"c":{"k":[0.95,0.95,0.95,1]},"o":{"k":100},"nm":"Fill 1","mn":"ADBE Vector Graphic - Fill"},{"ty":"tr","p":{"k":[12.409,12.409],"ix":2},"a":{"k":[0,0],"ix":1},"s":{"k":[100,100],"ix":3},"r":{"k":0,"ix":6},"o":{"k":100,"ix":7},"sk":{"k":0,"ix":4},"sa":{"k":0,"ix":5},"nm":"Transform"}],"nm":"Group 1","np":3,"mn":"ADBE Vector Group"}],"ip":0,"op":76,"st":0,"bm":0,"sr":1},{"ddd":0,"ind":29,"ty":4,"nm":"Layer 1 Outlines","ks":{"o":{"k":5},"r":{"k":0},"p":{"k":[102.896,100.587,0]},"a":{"k":[64.6,64.6,0]},"s":{"k":[{"i":{"x":[0.667,0.667,0.667],"y":[1,1,0.667]},"o":{"x":[0.333,0.333,0.333],"y":[0,0,0.333]},"n":["0p667_1_0p333_0","0p667_1_0p333_0","0p667_0p667_0p333_0p333"],"t":0,"s":[100,100,100],"e":[95,95,100]},{"i":{"x":[0.667,0.667,0.667],"y":[1,1,0.667]},"o":{"x":[0.333,0.333,0.333],"y":[0,0,0.333]},"n":["0p667_1_0p333_0","0p667_1_0p333_0","0p667_0p667_0p333_0p333"],"t":37,"s":[95,95,100],"e":[100,100,100]},{"t":74}]}},"ao":0,"shapes":[{"ty":"gr","it":[{"ind":0,"ty":"sh","ks":{"k":{"i":[[-35.678,0],[0,-35.678],[35.678,0],[0,35.678]],"o":[[35.678,0],[0,35.678],[-35.678,0],[0,-35.678]],"v":[[0,-64.6],[64.6,0],[0,64.6],[-64.6,0]],"c":true}},"nm":"Path 1","mn":"ADBE Vector Shape - Group"},{"ty":"mm","mm":4,"nm":"Merge Paths 1","mn":"ADBE Vector Filter - Merge"},{"ty":"fl","fillEnabled":true,"c":{"k":[0.69,0,0.13,1]},"o":{"k":100},"nm":"Fill 1","mn":"ADBE Vector Graphic - Fill"},{"ty":"tr","p":{"k":[64.6,64.6],"ix":2},"a":{"k":[0,0],"ix":1},"s":{"k":[100,100],"ix":3},"r":{"k":0,"ix":6},"o":{"k":100,"ix":7},"sk":{"k":0,"ix":4},"sa":{"k":0,"ix":5},"nm":"Transform"}],"nm":"Group 1","np":3,"mn":"ADBE Vector Group"}],"ip":0,"op":76,"st":0,"bm":0,"sr":1}],"v":"4.5.3","ddd":0,"ip":0,"op":75,"fr":25,"w":202,"h":202}