{"assets":[],"layers":[{"ddd":0,"ind":0,"ty":4,"nm":"hob_ring1 Outlines","ks":{"o":{"k":100},"r":{"k":0},"p":{"k":[73.101,56.306,0]},"a":{"k":[12.382,12.382,0]},"s":{"k":[100,100,100]}},"ao":0,"shapes":[{"ty":"gr","it":[{"ind":0,"ty":"sh","ks":{"k":{"i":[[0,-5.113],[5.112,0],[0,5.113],[-5.113,0]],"o":[[0,5.113],[-5.113,0],[0,-5.113],[5.112,0]],"v":[[9.257,0],[0,9.257],[-9.257,0],[0,-9.257]],"c":true}},"nm":"Path 1","mn":"ADBE Vector Shape - Group"},{"ty":"st","fillEnabled":true,"c":{"k":[0.5,0.5,0.5,1]},"o":{"k":100},"w":{"k":1.25},"lc":1,"lj":1,"ml":10,"nm":"Stroke 1","mn":"ADBE Vector Graphic - Stroke"},{"ty":"tr","p":{"k":[12.382,12.382],"ix":2},"a":{"k":[0,0],"ix":1},"s":{"k":[100,100],"ix":3},"r":{"k":0,"ix":6},"o":{"k":100,"ix":7},"sk":{"k":0,"ix":4},"sa":{"k":0,"ix":5},"nm":"Transform"}],"nm":"Group 1","np":2,"mn":"ADBE Vector Group"},{"ty":"tm","s":{"k":0,"ix":1},"e":{"k":[{"i":{"x":[0.833],"y":[0.833]},"o":{"x":[0.167],"y":[0.167]},"n":["0p833_0p833_0p167_0p167"],"t":0,"s":[0],"e":[100]},{"t":30.0000012219251}],"ix":2},"o":{"k":-90,"ix":3},"m":1,"ix":2,"nm":"Trim Paths 1","mn":"ADBE Vector Filter - Trim"}],"ip":0,"op":60.0000024438501,"st":0,"bm":0,"sr":1},{"ddd":0,"ind":1,"ty":4,"nm":"hob_ring2 Outlines","ks":{"o":{"k":100},"r":{"k":0},"p":{"k":[103.393,56.306,0]},"a":{"k":[12.382,12.382,0]},"s":{"k":[100,100,100]}},"ao":0,"shapes":[{"ty":"gr","it":[{"ind":0,"ty":"sh","ks":{"k":{"i":[[0,-5.113],[5.112,0],[0,5.113],[-5.113,0]],"o":[[0,5.113],[-5.113,0],[0,-5.113],[5.112,0]],"v":[[9.257,0],[0,9.257],[-9.257,0],[0,-9.257]],"c":true}},"nm":"Path 1","mn":"ADBE Vector Shape - Group"},{"ty":"st","fillEnabled":true,"c":{"k":[0.5,0.5,0.5,1]},"o":{"k":100},"w":{"k":1.25},"lc":1,"lj":1,"ml":10,"nm":"Stroke 1","mn":"ADBE Vector Graphic - Stroke"},{"ty":"tr","p":{"k":[12.382,12.382],"ix":2},"a":{"k":[0,0],"ix":1},"s":{"k":[100,100],"ix":3},"r":{"k":0,"ix":6},"o":{"k":100,"ix":7},"sk":{"k":0,"ix":4},"sa":{"k":0,"ix":5},"nm":"Transform"}],"nm":"Group 1","np":2,"mn":"ADBE Vector Group"},{"ty":"tm","s":{"k":0,"ix":1},"e":{"k":[{"i":{"x":[0.833],"y":[0.833]},"o":{"x":[0.167],"y":[0.167]},"n":["0p833_0p833_0p167_0p167"],"t":0,"s":[0],"e":[100]},{"t":30.0000012219251}],"ix":2},"o":{"k":-90,"ix":3},"m":1,"ix":2,"nm":"Trim Paths 1","mn":"ADBE Vector Filter - Trim"}],"ip":0,"op":60.0000024438501,"st":0,"bm":0,"sr":1},{"ddd":0,"ind":2,"ty":4,"nm":"hob_ring3 Outlines","ks":{"o":{"k":100},"r":{"k":0},"p":{"k":[73.101,80.655,0]},"a":{"k":[11.457,11.456,0]},"s":{"k":[100,100,100]}},"ao":0,"shapes":[{"ty":"gr","it":[{"ind":0,"ty":"sh","ks":{"k":{"i":[[0,-4.601],[4.601,0],[0,4.601],[-4.602,0]],"o":[[0,4.601],[-4.602,0],[0,-4.601],[4.601,0]],"v":[[8.331,0],[0.001,8.331],[-8.331,0],[0.001,-8.331]],"c":true}},"nm":"Path 1","mn":"ADBE Vector Shape - Group"},{"ty":"st","fillEnabled":true,"c":{"k":[0.5,0.5,0.5,1]},"o":{"k":100},"w":{"k":1.25},"lc":1,"lj":1,"ml":10,"nm":"Stroke 1","mn":"ADBE Vector Graphic - Stroke"},{"ty":"tr","p":{"k":[11.457,11.456],"ix":2},"a":{"k":[0,0],"ix":1},"s":{"k":[100,100],"ix":3},"r":{"k":0,"ix":6},"o":{"k":100,"ix":7},"sk":{"k":0,"ix":4},"sa":{"k":0,"ix":5},"nm":"Transform"}],"nm":"Group 1","np":2,"mn":"ADBE Vector Group"},{"ty":"tm","s":{"k":0,"ix":1},"e":{"k":[{"i":{"x":[0.833],"y":[0.833]},"o":{"x":[0.167],"y":[0.167]},"n":["0p833_0p833_0p167_0p167"],"t":0,"s":[0],"e":[100]},{"t":30.0000012219251}],"ix":2},"o":{"k":-90,"ix":3},"m":1,"ix":2,"nm":"Trim Paths 1","mn":"ADBE Vector Filter - Trim"}],"ip":0,"op":60.0000024438501,"st":0,"bm":0,"sr":1},{"ddd":0,"ind":3,"ty":4,"nm":"hob_ring4 Outlines","ks":{"o":{"k":100},"r":{"k":0},"p":{"k":[103.393,80.655,0]},"a":{"k":[11.457,11.456,0]},"s":{"k":[100,100,100]}},"ao":0,"shapes":[{"ty":"gr","it":[{"ind":0,"ty":"sh","ks":{"k":{"i":[[0,-4.601],[4.601,0],[0,4.601],[-4.602,0]],"o":[[0,4.601],[-4.602,0],[0,-4.601],[4.601,0]],"v":[[8.331,0],[0.001,8.331],[-8.331,0],[0.001,-8.331]],"c":true}},"nm":"Path 1","mn":"ADBE Vector Shape - Group"},{"ty":"st","fillEnabled":true,"c":{"k":[0.5,0.5,0.5,1]},"o":{"k":100},"w":{"k":1.25},"lc":1,"lj":1,"ml":10,"nm":"Stroke 1","mn":"ADBE Vector Graphic - Stroke"},{"ty":"tr","p":{"k":[11.457,11.456],"ix":2},"a":{"k":[0,0],"ix":1},"s":{"k":[100,100],"ix":3},"r":{"k":0,"ix":6},"o":{"k":100,"ix":7},"sk":{"k":0,"ix":4},"sa":{"k":0,"ix":5},"nm":"Transform"}],"nm":"Group 1","np":2,"mn":"ADBE Vector Group"},{"ty":"tm","s":{"k":0,"ix":1},"e":{"k":[{"i":{"x":[0.833],"y":[0.833]},"o":{"x":[0.167],"y":[0.167]},"n":["0p833_0p833_0p167_0p167"],"t":0,"s":[0],"e":[100]},{"t":30.0000012219251}],"ix":2},"o":{"k":-90,"ix":3},"m":1,"ix":2,"nm":"Trim Paths 1","mn":"ADBE Vector Filter - Trim"}],"ip":0,"op":60.0000024438501,"st":0,"bm":0,"sr":1},{"ddd":0,"ind":4,"ty":4,"nm":"hob_vav1 Outlines","ks":{"o":{"k":[{"i":{"x":[0.833],"y":[0.833]},"o":{"x":[0.167],"y":[0.167]},"n":["0p833_0p833_0p167_0p167"],"t":10,"s":[0],"e":[100]},{"t":30.0000012219251}]},"r":{"k":0},"p":{"k":[101.915,101.003,0]},"a":{"k":[2.967,2.967,0]},"s":{"k":[100,100,100]}},"ao":0,"shapes":[{"ty":"gr","it":[{"ind":0,"ty":"sh","ks":{"k":{"i":[[-0.023,1.488],[1.488,0.023],[0.022,-1.488],[-1.488,-0.022]],"o":[[0.023,-1.488],[-1.488,-0.023],[-0.023,1.488],[1.488,0.023]],"v":[[2.694,0.041],[0.041,-2.694],[-2.694,-0.041],[-0.041,2.694]],"c":true}},"nm":"Path 1","mn":"ADBE Vector Shape - Group"},{"ty":"fl","fillEnabled":true,"c":{"k":[0.5,0.5,0.5,1]},"o":{"k":100},"nm":"Fill 1","mn":"ADBE Vector Graphic - Fill"},{"ty":"tr","p":{"k":[2.967,2.967],"ix":2},"a":{"k":[0,0],"ix":1},"s":{"k":[100,100],"ix":3},"r":{"k":0,"ix":6},"o":{"k":100,"ix":7},"sk":{"k":0,"ix":4},"sa":{"k":0,"ix":5},"nm":"Transform"}],"nm":"Group 1","np":2,"mn":"ADBE Vector Group"}],"ip":0,"op":60.0000024438501,"st":0,"bm":0,"sr":1},{"ddd":0,"ind":5,"ty":4,"nm":"hob_vav2 Outlines","ks":{"o":{"k":[{"i":{"x":[0.833],"y":[0.833]},"o":{"x":[0.167],"y":[0.167]},"n":["0p833_0p833_0p167_0p167"],"t":10,"s":[0],"e":[100]},{"t":30.0000012219251}]},"r":{"k":0},"p":{"k":[93.85,101.003,0]},"a":{"k":[2.967,2.967,0]},"s":{"k":[100,100,100]}},"ao":0,"shapes":[{"ty":"gr","it":[{"ind":0,"ty":"sh","ks":{"k":{"i":[[-0.023,1.488],[1.488,0.023],[0.022,-1.488],[-1.488,-0.022]],"o":[[0.023,-1.488],[-1.488,-0.023],[-0.023,1.488],[1.488,0.023]],"v":[[2.694,0.041],[0.041,-2.694],[-2.694,-0.041],[-0.041,2.694]],"c":true}},"nm":"Path 1","mn":"ADBE Vector Shape - Group"},{"ty":"fl","fillEnabled":true,"c":{"k":[0.5,0.5,0.5,1]},"o":{"k":100},"nm":"Fill 1","mn":"ADBE Vector Graphic - Fill"},{"ty":"tr","p":{"k":[2.967,2.967],"ix":2},"a":{"k":[0,0],"ix":1},"s":{"k":[100,100],"ix":3},"r":{"k":0,"ix":6},"o":{"k":100,"ix":7},"sk":{"k":0,"ix":4},"sa":{"k":0,"ix":5},"nm":"Transform"}],"nm":"Group 1","np":2,"mn":"ADBE Vector Group"}],"ip":0,"op":60.0000024438501,"st":0,"bm":0,"sr":1},{"ddd":0,"ind":6,"ty":4,"nm":"hob_vav3 Outlines","ks":{"o":{"k":[{"i":{"x":[0.833],"y":[0.833]},"o":{"x":[0.167],"y":[0.167]},"n":["0p833_0p833_0p167_0p167"],"t":10,"s":[0],"e":[100]},{"t":30.0000012219251}]},"r":{"k":0},"p":{"k":[85.786,101.003,0]},"a":{"k":[2.967,2.967,0]},"s":{"k":[100,100,100]}},"ao":0,"shapes":[{"ty":"gr","it":[{"ind":0,"ty":"sh","ks":{"k":{"i":[[-0.023,1.488],[1.488,0.023],[0.022,-1.488],[-1.488,-0.022]],"o":[[0.023,-1.488],[-1.488,-0.023],[-0.023,1.488],[1.488,0.023]],"v":[[2.694,0.041],[0.041,-2.694],[-2.694,-0.041],[-0.041,2.694]],"c":true}},"nm":"Path 1","mn":"ADBE Vector Shape - Group"},{"ty":"fl","fillEnabled":true,"c":{"k":[0.5,0.5,0.5,1]},"o":{"k":100},"nm":"Fill 1","mn":"ADBE Vector Graphic - Fill"},{"ty":"tr","p":{"k":[2.967,2.967],"ix":2},"a":{"k":[0,0],"ix":1},"s":{"k":[100,100],"ix":3},"r":{"k":0,"ix":6},"o":{"k":100,"ix":7},"sk":{"k":0,"ix":4},"sa":{"k":0,"ix":5},"nm":"Transform"}],"nm":"Group 1","np":2,"mn":"ADBE Vector Group"}],"ip":0,"op":60.0000024438501,"st":0,"bm":0,"sr":1},{"ddd":0,"ind":7,"ty":4,"nm":"hob_vav4 Outlines","ks":{"o":{"k":[{"i":{"x":[0.833],"y":[0.833]},"o":{"x":[0.167],"y":[0.167]},"n":["0p833_0p833_0p167_0p167"],"t":10,"s":[0],"e":[100]},{"t":30.0000012219251}]},"r":{"k":0},"p":{"k":[77.721,101.003,0]},"a":{"k":[2.967,2.967,0]},"s":{"k":[100,100,100]}},"ao":0,"shapes":[{"ty":"gr","it":[{"ind":0,"ty":"sh","ks":{"k":{"i":[[-0.023,1.488],[1.488,0.023],[0.022,-1.488],[-1.488,-0.022]],"o":[[0.023,-1.488],[-1.488,-0.023],[-0.023,1.488],[1.488,0.023]],"v":[[2.694,0.041],[0.041,-2.694],[-2.694,-0.041],[-0.041,2.694]],"c":true}},"nm":"Path 1","mn":"ADBE Vector Shape - Group"},{"ty":"fl","fillEnabled":true,"c":{"k":[0.5,0.5,0.5,1]},"o":{"k":100},"nm":"Fill 1","mn":"ADBE Vector Graphic - Fill"},{"ty":"tr","p":{"k":[2.967,2.967],"ix":2},"a":{"k":[0,0],"ix":1},"s":{"k":[100,100],"ix":3},"r":{"k":0,"ix":6},"o":{"k":100,"ix":7},"sk":{"k":0,"ix":4},"sa":{"k":0,"ix":5},"nm":"Transform"}],"nm":"Group 1","np":2,"mn":"ADBE Vector Group"}],"ip":0,"op":60.0000024438501,"st":0,"bm":0,"sr":1},{"ddd":0,"ind":8,"ty":4,"nm":"hob_base Outlines","ks":{"o":{"k":100},"r":{"k":0},"p":{"k":[88.041,75,0]},"a":{"k":[36.87,36.87,0]},"s":{"k":[100,100,100]}},"ao":0,"shapes":[{"ty":"gr","it":[{"ind":0,"ty":"sh","ks":{"k":{"i":[[1.657,0],[0,0],[0,1.657],[0,0],[-1.657,0],[0,0],[0,-1.657],[0,0]],"o":[[0,0],[-1.657,0],[0,0],[0,-1.657],[0,0],[1.657,0],[0,0],[0,1.657]],"v":[[30.12,33.12],[-30.12,33.12],[-33.12,30.12],[-33.12,-30.12],[-30.12,-33.12],[30.12,-33.12],[33.12,-30.12],[33.12,30.12]],"c":true}},"nm":"Path 1","mn":"ADBE Vector Shape - Group"},{"ty":"st","fillEnabled":true,"c":{"k":[0.5,0.5,0.5,1]},"o":{"k":100},"w":{"k":1.5},"lc":1,"lj":1,"ml":10,"nm":"Stroke 1","mn":"ADBE Vector Graphic - Stroke"},{"ty":"tr","p":{"k":[36.871,36.87],"ix":2},"a":{"k":[0,0],"ix":1},"s":{"k":[100,100],"ix":3},"r":{"k":0,"ix":6},"o":{"k":100,"ix":7},"sk":{"k":0,"ix":4},"sa":{"k":0,"ix":5},"nm":"Transform"}],"nm":"Group 1","np":2,"mn":"ADBE Vector Group"},{"ty":"tm","s":{"k":0,"ix":1},"e":{"k":[{"i":{"x":[0.833],"y":[0.833]},"o":{"x":[0.167],"y":[0.167]},"n":["0p833_0p833_0p167_0p167"],"t":0,"s":[0],"e":[100]},{"t":59.0000024031193}],"ix":2},"o":{"k":0,"ix":3},"m":1,"ix":2,"nm":"Trim Paths 1","mn":"ADBE Vector Filter - Trim"}],"ip":0,"op":60.0000024438501,"st":0,"bm":0,"sr":1},{"ddd":0,"ind":9,"ty":4,"nm":"hob1 Outlines","ks":{"o":{"k":100},"r":{"k":0},"p":{"k":[88.247,93.99,0]},"a":{"k":[37.076,3.75,0]},"s":{"k":[100,100,100]}},"ao":0,"shapes":[{"ty":"gr","it":[{"ind":0,"ty":"sh","ks":{"k":{"i":[[0,0],[0,0]],"o":[[0,0],[0,0]],"v":[[3.75,3.75],[70.402,3.75]],"c":false}},"nm":"Path 1","mn":"ADBE Vector Shape - Group"},{"ty":"st","fillEnabled":true,"c":{"k":[0.5,0.5,0.5,1]},"o":{"k":100},"w":{"k":1.5},"lc":1,"lj":1,"ml":10,"nm":"Stroke 1","mn":"ADBE Vector Graphic - Stroke"},{"ty":"tr","p":{"k":[0,0],"ix":2},"a":{"k":[0,0],"ix":1},"s":{"k":[100,100],"ix":3},"r":{"k":0,"ix":6},"o":{"k":100,"ix":7},"sk":{"k":0,"ix":4},"sa":{"k":0,"ix":5},"nm":"Transform"}],"nm":"Group 1","np":2,"mn":"ADBE Vector Group"},{"ty":"tm","s":{"k":0,"ix":1},"e":{"k":[{"i":{"x":[0.833],"y":[0.833]},"o":{"x":[0.167],"y":[0.167]},"n":["0p833_0p833_0p167_0p167"],"t":9,"s":[0],"e":[100]},{"t":59.0000024031193}],"ix":2},"o":{"k":0,"ix":3},"m":1,"ix":2,"nm":"Trim Paths 1","mn":"ADBE Vector Filter - Trim"}],"ip":0,"op":60.0000024438501,"st":0,"bm":0,"sr":1},{"ddd":0,"ind":10,"ty":4,"nm":"ac_display Outlines","ks":{"o":{"k":100},"r":{"k":0},"p":{"k":[162.27,51.787,0]},"a":{"k":[7.448,4.061,0]},"s":{"k":[100,100,100]}},"ao":0,"shapes":[{"ty":"gr","it":[{"ind":0,"ty":"sh","ks":{"k":{"i":[[0.2,0],[0,0],[0,0.139],[0,0],[-0.137,0],[0,0],[0,-0.138],[0,0]],"o":[[0,0],[-0.075,0],[0,0],[0,-0.138],[0,0],[0.138,0],[0,0],[0,0.139]],"v":[[4.012,0.936],[-4.137,0.936],[-4.322,0.685],[-4.322,-0.686],[-4.075,-0.936],[4.074,-0.936],[4.322,-0.686],[4.322,0.685]],"c":true}},"nm":"Path 1","mn":"ADBE Vector Shape - Group"},{"ty":"st","fillEnabled":true,"c":{"k":[0.48,0.16,0.57,1]},"o":{"k":100},"w":{"k":1.25},"lc":1,"lj":1,"ml":10,"nm":"Stroke 1","mn":"ADBE Vector Graphic - Stroke"},{"ty":"tr","p":{"k":[7.447,4.061],"ix":2},"a":{"k":[0,0],"ix":1},"s":{"k":[100,100],"ix":3},"r":{"k":0,"ix":6},"o":{"k":100,"ix":7},"sk":{"k":0,"ix":4},"sa":{"k":0,"ix":5},"nm":"Transform"}],"nm":"Group 1","np":2,"mn":"ADBE Vector Group"},{"ty":"tm","s":{"k":0,"ix":1},"e":{"k":[{"i":{"x":[0.833],"y":[0.833]},"o":{"x":[0.167],"y":[0.167]},"n":["0p833_0p833_0p167_0p167"],"t":30,"s":[0],"e":[100]},{"t":59.0000024031193}],"ix":2},"o":{"k":0,"ix":3},"m":1,"ix":2,"nm":"Trim Paths 1","mn":"ADBE Vector Filter - Trim"}],"ip":0,"op":60.0000024438501,"st":0,"bm":0,"sr":1},{"ddd":0,"ind":11,"ty":4,"nm":"ac_swing Outlines","ks":{"o":{"k":100},"r":{"k":0},"p":{"k":[162.27,54.574,0]},"a":{"k":[34.75,4.648,0]},"s":{"k":[100,100,100]}},"ao":0,"shapes":[{"ty":"gr","it":[{"ind":0,"ty":"sh","ks":{"k":{"i":[[0,0],[-0.539,0],[0,0],[0,0.992]],"o":[[0,0.992],[0,0],[1.431,0],[0,0]],"v":[[-31,-0.898],[-29.662,0.898],[28.77,0.898],[31,-0.898]],"c":false}},"nm":"Path 1","mn":"ADBE Vector Shape - Group"},{"ty":"st","fillEnabled":true,"c":{"k":[0.48,0.16,0.57,1]},"o":{"k":100},"w":{"k":1.5},"lc":1,"lj":1,"ml":10,"nm":"Stroke 1","mn":"ADBE Vector Graphic - Stroke"},{"ty":"tr","p":{"k":[34.75,4.648],"ix":2},"a":{"k":[0,0],"ix":1},"s":{"k":[100,100],"ix":3},"r":{"k":0,"ix":6},"o":{"k":100,"ix":7},"sk":{"k":0,"ix":4},"sa":{"k":0,"ix":5},"nm":"Transform"}],"nm":"Group 1","np":2,"mn":"ADBE Vector Group"},{"ty":"tm","s":{"k":0,"ix":1},"e":{"k":[{"i":{"x":[0.833],"y":[0.833]},"o":{"x":[0.167],"y":[0.167]},"n":["0p833_0p833_0p167_0p167"],"t":25,"s":[0],"e":[100]},{"t":56.0000022809268}],"ix":2},"o":{"k":0,"ix":3},"m":1,"ix":2,"nm":"Trim Paths 1","mn":"ADBE Vector Filter - Trim"}],"ip":0,"op":60.0000024438501,"st":0,"bm":0,"sr":1},{"ddd":0,"ind":12,"ty":4,"nm":"ac_base Outlines","ks":{"o":{"k":100},"r":{"k":0},"p":{"k":[162.27,51.512,0]},"a":{"k":[34.75,13.382,0]},"s":{"k":[100,100,100]}},"ao":0,"shapes":[{"ty":"gr","it":[{"ind":0,"ty":"sh","ks":{"k":{"i":[[1.381,0],[0,0],[0,1.381],[0,0],[-1.381,0],[0,0],[0,-1.381],[0,0]],"o":[[0,0],[-1.381,0],[0,0],[0,-1.381],[0,0],[1.381,0],[0,0],[0,1.381]],"v":[[28.5,9.633],[-28.5,9.633],[-31,7.133],[-31,-7.133],[-28.5,-9.633],[28.5,-9.633],[31,-7.133],[31,7.133]],"c":true}},"nm":"Path 1","mn":"ADBE Vector Shape - Group"},{"ty":"st","fillEnabled":true,"c":{"k":[0.48,0.16,0.57,1]},"o":{"k":100},"w":{"k":1.5},"lc":1,"lj":1,"ml":10,"nm":"Stroke 1","mn":"ADBE Vector Graphic - Stroke"},{"ty":"tr","p":{"k":[34.75,13.382],"ix":2},"a":{"k":[0,0],"ix":1},"s":{"k":[100,100],"ix":3},"r":{"k":0,"ix":6},"o":{"k":100,"ix":7},"sk":{"k":0,"ix":4},"sa":{"k":0,"ix":5},"nm":"Transform"}],"nm":"Group 1","np":2,"mn":"ADBE Vector Group"},{"ty":"tm","s":{"k":0,"ix":1},"e":{"k":[{"i":{"x":[0.833],"y":[0.833]},"o":{"x":[0.167],"y":[0.167]},"n":["0p833_0p833_0p167_0p167"],"t":0,"s":[0],"e":[100]},{"t":59.0000024031193}],"ix":2},"o":{"k":0,"ix":3},"m":1,"ix":2,"nm":"Trim Paths 1","mn":"ADBE Vector Filter - Trim"}],"ip":0,"op":60.0000024438501,"st":0,"bm":0,"sr":1},{"ddd":0,"ind":13,"ty":4,"nm":"mw_valv Outlines","ks":{"o":{"k":[{"i":{"x":[0.833],"y":[0.833]},"o":{"x":[0.167],"y":[0.167]},"n":["0p833_0p833_0p167_0p167"],"t":40,"s":[0],"e":[100]},{"t":59.0000024031193}]},"r":{"k":0},"p":{"k":[183.744,80.181,0]},"a":{"k":[2.246,2.246,0]},"s":{"k":[100,100,100]}},"ao":0,"shapes":[{"ty":"gr","it":[{"ind":0,"ty":"sh","ks":{"k":{"i":[[-0.017,1.093],[1.093,0.016],[0.016,-1.093],[-1.093,-0.016]],"o":[[0.017,-1.093],[-1.093,-0.017],[-0.017,1.093],[1.093,0.017]],"v":[[1.979,0.03],[0.03,-1.979],[-1.979,-0.03],[-0.03,1.979]],"c":true}},"nm":"Path 1","mn":"ADBE Vector Shape - Group"},{"ty":"fl","fillEnabled":true,"c":{"k":[0.88,0.52,0.01,1]},"o":{"k":100},"nm":"Fill 1","mn":"ADBE Vector Graphic - Fill"},{"ty":"tr","p":{"k":[2.246,2.246],"ix":2},"a":{"k":[0,0],"ix":1},"s":{"k":[100,100],"ix":3},"r":{"k":0,"ix":6},"o":{"k":100,"ix":7},"sk":{"k":0,"ix":4},"sa":{"k":0,"ix":5},"nm":"Transform"}],"nm":"Group 1","np":2,"mn":"ADBE Vector Group"}],"ip":0,"op":60.0000024438501,"st":0,"bm":0,"sr":1},{"ddd":0,"ind":14,"ty":4,"nm":"mw_door Outlines","ks":{"o":{"k":100},"r":{"k":0},"p":{"k":[156.41,88.986,0]},"a":{"k":[20.384,14.747,0]},"s":{"k":[100,100,100]}},"ao":0,"shapes":[{"ty":"gr","it":[{"ind":0,"ty":"sh","ks":{"k":{"i":[[0.828,0],[0,0],[0,0.828],[0,0],[-0.828,0],[0,0],[0,-0.828],[0,0]],"o":[[0,0],[-0.828,0],[0,0],[0,-0.828],[0,0],[0.828,0],[0,0],[0,0.828]],"v":[[15.134,10.997],[-15.134,10.997],[-16.634,9.497],[-16.634,-9.497],[-15.134,-10.997],[15.134,-10.997],[16.634,-9.497],[16.634,9.497]],"c":true}},"nm":"Path 1","mn":"ADBE Vector Shape - Group"},{"ty":"st","fillEnabled":true,"c":{"k":[0.88,0.52,0.01,1]},"o":{"k":100},"w":{"k":1.5},"lc":1,"lj":1,"ml":10,"nm":"Stroke 1","mn":"ADBE Vector Graphic - Stroke"},{"ty":"tr","p":{"k":[20.384,14.747],"ix":2},"a":{"k":[0,0],"ix":1},"s":{"k":[100,100],"ix":3},"r":{"k":0,"ix":6},"o":{"k":100,"ix":7},"sk":{"k":0,"ix":4},"sa":{"k":0,"ix":5},"nm":"Transform"}],"nm":"Group 1","np":2,"mn":"ADBE Vector Group"},{"ty":"tm","s":{"k":0,"ix":1},"e":{"k":[{"i":{"x":[0.833],"y":[0.833]},"o":{"x":[0.167],"y":[0.167]},"n":["0p833_0p833_0p167_0p167"],"t":0,"s":[0],"e":[100]},{"t":35.0000014255792}],"ix":2},"o":{"k":0,"ix":3},"m":1,"ix":2,"nm":"Trim Paths 1","mn":"ADBE Vector Filter - Trim"}],"ip":0,"op":60.0000024438501,"st":0,"bm":0,"sr":1},{"ddd":0,"ind":15,"ty":4,"nm":"mw_panel Outlines","ks":{"o":{"k":100},"r":{"k":0},"p":{"k":[177.814,88.986,0]},"a":{"k":[3.75,22.885,0]},"s":{"k":[100,100,100]}},"ao":0,"shapes":[{"ty":"gr","it":[{"ind":0,"ty":"sh","ks":{"k":{"i":[[0,0],[0,0]],"o":[[0,0],[0,0]],"v":[[3.75,42.019],[3.75,3.75]],"c":false}},"nm":"Path 1","mn":"ADBE Vector Shape - Group"},{"ty":"st","fillEnabled":true,"c":{"k":[0.88,0.52,0.01,1]},"o":{"k":100},"w":{"k":1.5},"lc":1,"lj":1,"ml":10,"nm":"Stroke 1","mn":"ADBE Vector Graphic - Stroke"},{"ty":"tr","p":{"k":[0,0],"ix":2},"a":{"k":[0,0],"ix":1},"s":{"k":[100,100],"ix":3},"r":{"k":0,"ix":6},"o":{"k":100,"ix":7},"sk":{"k":0,"ix":4},"sa":{"k":0,"ix":5},"nm":"Transform"}],"nm":"Group 1","np":2,"mn":"ADBE Vector Group"},{"ty":"tm","s":{"k":0,"ix":1},"e":{"k":[{"i":{"x":[0.833],"y":[0.833]},"o":{"x":[0.167],"y":[0.167]},"n":["0p833_0p833_0p167_0p167"],"t":5,"s":[0],"e":[100]},{"t":45.0000018328876}],"ix":2},"o":{"k":0,"ix":3},"m":1,"ix":2,"nm":"Trim Paths 1","mn":"ADBE Vector Filter - Trim"}],"ip":0,"op":60.0000024438501,"st":0,"bm":0,"sr":1},{"ddd":0,"ind":16,"ty":4,"nm":"mw_base Outlines","ks":{"o":{"k":100},"r":{"k":0},"p":{"k":[162.27,88.986,0]},"a":{"k":[31.462,22.884,0]},"s":{"k":[100,100,100]}},"ao":0,"shapes":[{"ty":"gr","it":[{"ind":0,"ty":"sh","ks":{"k":{"i":[[1.381,0],[0,0],[0,1.381],[0,0],[-1.381,0],[0,0],[0,-1.381],[0,0]],"o":[[0,0],[-1.381,0],[0,0],[0,-1.381],[0,0],[1.381,0],[0,0],[0,1.381]],"v":[[25.212,19.135],[-25.212,19.135],[-27.712,16.635],[-27.712,-16.635],[-25.212,-19.135],[25.212,-19.135],[27.712,-16.635],[27.712,16.635]],"c":true}},"nm":"Path 1","mn":"ADBE Vector Shape - Group"},{"ty":"st","fillEnabled":true,"c":{"k":[0.88,0.52,0.01,1]},"o":{"k":100},"w":{"k":1.5},"lc":1,"lj":1,"ml":10,"nm":"Stroke 1","mn":"ADBE Vector Graphic - Stroke"},{"ty":"tr","p":{"k":[31.462,22.884],"ix":2},"a":{"k":[0,0],"ix":1},"s":{"k":[100,100],"ix":3},"r":{"k":0,"ix":6},"o":{"k":100,"ix":7},"sk":{"k":0,"ix":4},"sa":{"k":0,"ix":5},"nm":"Transform"}],"nm":"Group 1","np":2,"mn":"ADBE Vector Group"},{"ty":"tm","s":{"k":0,"ix":1},"e":{"k":[{"i":{"x":[0.833],"y":[0.833]},"o":{"x":[0.167],"y":[0.167]},"n":["0p833_0p833_0p167_0p167"],"t":0,"s":[0],"e":[100]},{"t":59.0000024031193}],"ix":2},"o":{"k":0,"ix":3},"m":1,"ix":2,"nm":"Trim Paths 1","mn":"ADBE Vector Filter - Trim"}],"ip":0,"op":60.0000024438501,"st":0,"bm":0,"sr":1},{"ddd":0,"ind":17,"ty":4,"nm":"wm_display Outlines","ks":{"o":{"k":100},"r":{"k":0},"p":{"k":[241.591,48.561,0]},"a":{"k":[9.167,5.878,0]},"s":{"k":[100,100,100]}},"ao":0,"shapes":[{"ty":"gr","it":[{"ind":0,"ty":"sh","ks":{"k":{"i":[[0.442,0],[0,0],[0,0.442],[0,0],[-0.442,0],[0,0],[0,-0.442],[0,0]],"o":[[0,0],[-0.442,0],[0,0],[0,-0.442],[0,0],[0.442,0],[0,0],[0,0.442]],"v":[[5.242,2.753],[-5.242,2.753],[-6.042,1.954],[-6.042,-1.953],[-5.242,-2.753],[5.242,-2.753],[6.042,-1.953],[6.042,1.954]],"c":true}},"nm":"Path 1","mn":"ADBE Vector Shape - Group"},{"ty":"st","fillEnabled":true,"c":{"k":[0.33,0.52,0.74,1]},"o":{"k":100},"w":{"k":1.25},"lc":1,"lj":1,"ml":10,"nm":"Stroke 1","mn":"ADBE Vector Graphic - Stroke"},{"ty":"tr","p":{"k":[9.167,5.878],"ix":2},"a":{"k":[0,0],"ix":1},"s":{"k":[100,100],"ix":3},"r":{"k":0,"ix":6},"o":{"k":100,"ix":7},"sk":{"k":0,"ix":4},"sa":{"k":0,"ix":5},"nm":"Transform"}],"nm":"Group 1","np":2,"mn":"ADBE Vector Group"},{"ty":"tm","s":{"k":0,"ix":1},"e":{"k":[{"i":{"x":[0.833],"y":[0.833]},"o":{"x":[0.167],"y":[0.167]},"n":["0p833_0p833_0p167_0p167"],"t":30,"s":[0],"e":[100]},{"t":59.0000024031193}],"ix":2},"o":{"k":0,"ix":3},"m":1,"ix":2,"nm":"Trim Paths 1","mn":"ADBE Vector Filter - Trim"}],"ip":0,"op":60.0000024438501,"st":0,"bm":0,"sr":1},{"ddd":0,"ind":18,"ty":4,"nm":"wm_valv Outlines","ks":{"o":{"k":[{"i":{"x":[0.833],"y":[0.833]},"o":{"x":[0.167],"y":[0.167]},"n":["0p833_0p833_0p167_0p167"],"t":40,"s":[0],"e":[100]},{"t":59.0000024031193}]},"r":{"k":0},"p":{"k":[227.105,48.562,0]},"a":{"k":[2.479,2.479,0]},"s":{"k":[100,100,100]}},"ao":0,"shapes":[{"ty":"gr","it":[{"ind":0,"ty":"sh","ks":{"k":{"i":[[-0.019,1.221],[1.221,0.018],[0.019,-1.221],[-1.221,-0.018]],"o":[[0.019,-1.221],[-1.221,-0.019],[-0.018,1.221],[1.221,0.019]],"v":[[2.211,0.033],[0.034,-2.211],[-2.212,-0.034],[-0.034,2.21]],"c":true}},"nm":"Path 1","mn":"ADBE Vector Shape - Group"},{"ty":"fl","fillEnabled":true,"c":{"k":[0.33,0.52,0.74,1]},"o":{"k":100},"nm":"Fill 1","mn":"ADBE Vector Graphic - Fill"},{"ty":"tr","p":{"k":[2.479,2.479],"ix":2},"a":{"k":[0,0],"ix":1},"s":{"k":[100,100],"ix":3},"r":{"k":0,"ix":6},"o":{"k":100,"ix":7},"sk":{"k":0,"ix":4},"sa":{"k":0,"ix":5},"nm":"Transform"}],"nm":"Group 1","np":2,"mn":"ADBE Vector Group"}],"ip":0,"op":60.0000024438501,"st":0,"bm":0,"sr":1},{"ddd":0,"ind":19,"ty":4,"nm":"wm_load Outlines","ks":{"o":{"k":100},"r":{"k":0},"p":{"k":[227.105,75.674,0]},"a":{"k":[22.175,22.175,0]},"s":{"k":[100,100,100]}},"ao":0,"shapes":[{"ty":"gr","it":[{"ind":0,"ty":"sh","ks":{"k":{"i":[[0,-10.176],[10.176,0],[0,10.176],[-10.176,0]],"o":[[0,10.176],[-10.176,0],[0,-10.176],[10.176,0]],"v":[[18.425,0],[0,18.425],[-18.425,0],[0,-18.425]],"c":true}},"nm":"Path 1","mn":"ADBE Vector Shape - Group"},{"ty":"st","fillEnabled":true,"c":{"k":[0.33,0.52,0.74,1]},"o":{"k":100},"w":{"k":1.5},"lc":1,"lj":1,"ml":10,"nm":"Stroke 1","mn":"ADBE Vector Graphic - Stroke"},{"ty":"tr","p":{"k":[22.175,22.175],"ix":2},"a":{"k":[0,0],"ix":1},"s":{"k":[100,100],"ix":3},"r":{"k":0,"ix":6},"o":{"k":100,"ix":7},"sk":{"k":0,"ix":4},"sa":{"k":0,"ix":5},"nm":"Transform"}],"nm":"Group 1","np":2,"mn":"ADBE Vector Group"},{"ty":"tm","s":{"k":0,"ix":1},"e":{"k":[{"i":{"x":[0.833],"y":[0.833]},"o":{"x":[0.167],"y":[0.167]},"n":["0p833_0p833_0p167_0p167"],"t":0,"s":[0],"e":[100]},{"t":35.0000014255792}],"ix":2},"o":{"k":-90,"ix":3},"m":1,"ix":2,"nm":"Trim Paths 1","mn":"ADBE Vector Filter - Trim"}],"ip":0,"op":60.0000024438501,"st":0,"bm":0,"sr":1},{"ddd":0,"ind":20,"ty":4,"nm":"wm_base Outlines","ks":{"o":{"k":100},"r":{"k":0},"p":{"k":[227.104,75.002,0]},"a":{"k":[28.282,36.868,0]},"s":{"k":[100,100,100]}},"ao":0,"shapes":[{"ty":"gr","it":[{"ind":0,"ty":"sh","ks":{"k":{"i":[[1.657,0],[0,0],[0,1.657],[0,0],[-1.656,0],[0,0],[0,-1.657],[0,0]],"o":[[0,0],[-1.656,0],[0,0],[0,-1.657],[0,0],[1.657,0],[0,0],[0,1.657]],"v":[[21.532,33.118],[-21.532,33.118],[-24.532,30.118],[-24.532,-30.118],[-21.532,-33.118],[21.532,-33.118],[24.532,-30.118],[24.532,30.118]],"c":true}},"nm":"Path 1","mn":"ADBE Vector Shape - Group"},{"ty":"st","fillEnabled":true,"c":{"k":[0.33,0.52,0.74,1]},"o":{"k":100},"w":{"k":1.5},"lc":1,"lj":1,"ml":10,"nm":"Stroke 1","mn":"ADBE Vector Graphic - Stroke"},{"ty":"tr","p":{"k":[28.282,36.868],"ix":2},"a":{"k":[0,0],"ix":1},"s":{"k":[100,100],"ix":3},"r":{"k":0,"ix":6},"o":{"k":100,"ix":7},"sk":{"k":0,"ix":4},"sa":{"k":0,"ix":5},"nm":"Transform"}],"nm":"Group 1","np":2,"mn":"ADBE Vector Group"},{"ty":"tm","s":{"k":0,"ix":1},"e":{"k":[{"i":{"x":[0.833],"y":[0.833]},"o":{"x":[0.167],"y":[0.167]},"n":["0p833_0p833_0p167_0p167"],"t":0,"s":[0],"e":[100]},{"t":59.0000024031193}],"ix":2},"o":{"k":0,"ix":3},"m":1,"ix":2,"nm":"Trim Paths 1","mn":"ADBE Vector Filter - Trim"}],"ip":0,"op":60.0000024438501,"st":0,"bm":0,"sr":1},{"ddd":0,"ind":21,"ty":4,"nm":"rf_drip Outlines","ks":{"o":{"k":100},"r":{"k":0},"p":{"k":[272.342,63.661,0]},"a":{"k":[3.75,5.19,0]},"s":{"k":[100,100,100]}},"ao":0,"shapes":[{"ty":"gr","it":[{"ind":0,"ty":"sh","ks":{"k":{"i":[[0,0],[0,0]],"o":[[0,0],[0,0]],"v":[[3.75,3.75],[3.75,6.63]],"c":false}},"nm":"Path 1","mn":"ADBE Vector Shape - Group"},{"ty":"tm","s":{"k":0,"ix":1},"e":{"k":[{"i":{"x":[0.833],"y":[0.833]},"o":{"x":[0.167],"y":[0.167]},"n":["0p833_0p833_0p167_0p167"],"t":45,"s":[0],"e":[100]},{"t":59.0000024031193}],"ix":2},"o":{"k":0,"ix":3},"m":1,"ix":2,"nm":"Trim Paths 1","mn":"ADBE Vector Filter - Trim"},{"ty":"st","fillEnabled":true,"c":{"k":[0.88,0.23,0,1]},"o":{"k":100},"w":{"k":1.5},"lc":2,"lj":2,"nm":"Stroke 1","mn":"ADBE Vector Graphic - Stroke"},{"ty":"tr","p":{"k":[0,0],"ix":2},"a":{"k":[0,0],"ix":1},"s":{"k":[100,100],"ix":3},"r":{"k":0,"ix":6},"o":{"k":100,"ix":7},"sk":{"k":0,"ix":4},"sa":{"k":0,"ix":5},"nm":"Transform"}],"nm":"Group 1","np":3,"mn":"ADBE Vector Group"}],"ip":0,"op":60.0000024438501,"st":0,"bm":0,"sr":1},{"ddd":0,"ind":22,"ty":4,"nm":"rf_drippnl Outlines","ks":{"o":{"k":100},"r":{"k":0},"p":{"k":[272.342,62.221,0]},"a":{"k":[7.8,3.75,0]},"s":{"k":[100,100,100]}},"ao":0,"shapes":[{"ty":"gr","it":[{"ind":0,"ty":"sh","ks":{"k":{"i":[[0,0],[0,0]],"o":[[0,0],[0,0]],"v":[[3.75,3.75],[11.851,3.75]],"c":false}},"nm":"Path 1","mn":"ADBE Vector Shape - Group"},{"ty":"st","fillEnabled":true,"c":{"k":[0.88,0.23,0,1]},"o":{"k":100},"w":{"k":1.5},"lc":2,"lj":2,"nm":"Stroke 1","mn":"ADBE Vector Graphic - Stroke"},{"ty":"tr","p":{"k":[0,0],"ix":2},"a":{"k":[0,0],"ix":1},"s":{"k":[100,100],"ix":3},"r":{"k":0,"ix":6},"o":{"k":100,"ix":7},"sk":{"k":0,"ix":4},"sa":{"k":0,"ix":5},"nm":"Transform"}],"nm":"Group 1","np":2,"mn":"ADBE Vector Group"},{"ty":"tm","s":{"k":0,"ix":1},"e":{"k":[{"i":{"x":[0.833],"y":[0.833]},"o":{"x":[0.167],"y":[0.167]},"n":["0p833_0p833_0p167_0p167"],"t":35,"s":[0],"e":[100]},{"t":59.0000024031193}],"ix":2},"o":{"k":0,"ix":3},"m":1,"ix":2,"nm":"Trim Paths 1","mn":"ADBE Vector Filter - Trim"}],"ip":0,"op":60.0000024438501,"st":0,"bm":0,"sr":1},{"ddd":0,"ind":23,"ty":4,"nm":"rf_wtr Outlines","ks":{"o":{"k":100},"r":{"k":0},"p":{"k":[272.342,64.09,0]},"a":{"k":[7.801,11.413,0]},"s":{"k":[100,100,100]}},"ao":0,"shapes":[{"ty":"gr","it":[{"ind":0,"ty":"sh","ks":{"k":{"i":[[1.089,0],[0,0],[0,1.089],[0,0],[-1.088,0],[0,0],[0,-1.089],[0,0]],"o":[[0,0],[-1.088,0],[0,0],[0,-1.089],[0,0],[1.089,0],[0,0],[0,1.089]],"v":[[2.08,7.663],[-2.08,7.663],[-4.051,5.692],[-4.051,-5.692],[-2.08,-7.663],[2.08,-7.663],[4.051,-5.692],[4.051,5.692]],"c":true}},"nm":"Path 1","mn":"ADBE Vector Shape - Group"},{"ty":"st","fillEnabled":true,"c":{"k":[0.88,0.23,0,1]},"o":{"k":100},"w":{"k":1.5},"lc":2,"lj":2,"nm":"Stroke 1","mn":"ADBE Vector Graphic - Stroke"},{"ty":"tr","p":{"k":[7.801,11.413],"ix":2},"a":{"k":[0,0],"ix":1},"s":{"k":[100,100],"ix":3},"r":{"k":0,"ix":6},"o":{"k":100,"ix":7},"sk":{"k":0,"ix":4},"sa":{"k":0,"ix":5},"nm":"Transform"}],"nm":"Group 1","np":2,"mn":"ADBE Vector Group"},{"ty":"tm","s":{"k":0,"ix":1},"e":{"k":[{"i":{"x":[0.833],"y":[0.833]},"o":{"x":[0.167],"y":[0.167]},"n":["0p833_0p833_0p167_0p167"],"t":35,"s":[0],"e":[100]},{"t":59.0000024031193}],"ix":2},"o":{"k":0,"ix":3},"m":1,"ix":2,"nm":"Trim Paths 1","mn":"ADBE Vector Filter - Trim"}],"ip":0,"op":60.0000024438501,"st":0,"bm":0,"sr":1},{"ddd":0,"ind":24,"ty":4,"nm":"rf_2 Outlines","ks":{"o":{"k":100},"r":{"k":0},"p":{"k":[282.643,65.324,0]},"a":{"k":[3.75,27.194,0]},"s":{"k":[100,100,100]}},"ao":0,"shapes":[{"ty":"gr","it":[{"ind":0,"ty":"sh","ks":{"k":{"i":[[0,0],[0,0]],"o":[[0,0],[0,0]],"v":[[3.75,50.638],[3.75,3.75]],"c":false}},"nm":"Path 1","mn":"ADBE Vector Shape - Group"},{"ty":"st","fillEnabled":true,"c":{"k":[0.88,0.23,0,1]},"o":{"k":100},"w":{"k":1.5},"lc":2,"lj":2,"nm":"Stroke 1","mn":"ADBE Vector Graphic - Stroke"},{"ty":"tr","p":{"k":[0,0],"ix":2},"a":{"k":[0,0],"ix":1},"s":{"k":[100,100],"ix":3},"r":{"k":0,"ix":6},"o":{"k":100,"ix":7},"sk":{"k":0,"ix":4},"sa":{"k":0,"ix":5},"nm":"Transform"}],"nm":"Group 1","np":2,"mn":"ADBE Vector Group"},{"ty":"tm","s":{"k":0,"ix":1},"e":{"k":[{"i":{"x":[0.833],"y":[0.833]},"o":{"x":[0.167],"y":[0.167]},"n":["0p833_0p833_0p167_0p167"],"t":35,"s":[0],"e":[100]},{"t":59.0000024031193}],"ix":2},"o":{"k":0,"ix":3},"m":1,"ix":2,"nm":"Trim Paths 1","mn":"ADBE Vector Filter - Trim"}],"ip":0,"op":60.0000024438501,"st":0,"bm":0,"sr":1},{"ddd":0,"ind":25,"ty":4,"nm":"rf_1 Outlines","ks":{"o":{"k":100},"r":{"k":0},"p":{"k":[282.635,88.768,0]},"a":{"k":[26.178,3.75,0]},"s":{"k":[100,100,100]}},"ao":0,"shapes":[{"ty":"gr","it":[{"ind":0,"ty":"sh","ks":{"k":{"i":[[0,0],[0,0]],"o":[[0,0],[0,0]],"v":[[3.75,3.75],[48.607,3.75]],"c":false}},"nm":"Path 1","mn":"ADBE Vector Shape - Group"},{"ty":"st","fillEnabled":true,"c":{"k":[0.88,0.23,0,1]},"o":{"k":100},"w":{"k":1.5},"lc":2,"lj":2,"nm":"Stroke 1","mn":"ADBE Vector Graphic - Stroke"},{"ty":"tr","p":{"k":[0,0],"ix":2},"a":{"k":[0,0],"ix":1},"s":{"k":[100,100],"ix":3},"r":{"k":0,"ix":6},"o":{"k":100,"ix":7},"sk":{"k":0,"ix":4},"sa":{"k":0,"ix":5},"nm":"Transform"}],"nm":"Group 1","np":2,"mn":"ADBE Vector Group"},{"ty":"tm","s":{"k":0,"ix":1},"e":{"k":[{"i":{"x":[0.833],"y":[0.833]},"o":{"x":[0.167],"y":[0.167]},"n":["0p833_0p833_0p167_0p167"],"t":17,"s":[0],"e":[100]},{"t":55.0000022401959}],"ix":2},"o":{"k":0,"ix":3},"m":1,"ix":2,"nm":"Trim Paths 1","mn":"ADBE Vector Filter - Trim"}],"ip":0,"op":60.0000024438501,"st":0,"bm":0,"sr":1},{"ddd":0,"ind":26,"ty":4,"nm":"rf_base Outlines","ks":{"o":{"k":100},"r":{"k":0},"p":{"k":[282.643,75,0]},"a":{"k":[26.187,36.87,0]},"s":{"k":[100,100,100]}},"ao":0,"shapes":[{"ty":"gr","it":[{"ind":0,"ty":"sh","ks":{"k":{"i":[[1.657,0],[0,0],[0,1.657],[0,0],[-1.657,0],[0,0],[0,-1.657],[0,0]],"o":[[0,0],[-1.657,0],[0,0],[0,-1.657],[0,0],[1.657,0],[0,0],[0,1.657]],"v":[[19.437,33.12],[-19.437,33.12],[-22.437,30.12],[-22.437,-30.12],[-19.437,-33.12],[19.437,-33.12],[22.437,-30.12],[22.437,30.12]],"c":true}},"nm":"Path 1","mn":"ADBE Vector Shape - Group"},{"ty":"st","fillEnabled":true,"c":{"k":[0.88,0.23,0,1]},"o":{"k":100},"w":{"k":1.5},"lc":2,"lj":2,"nm":"Stroke 1","mn":"ADBE Vector Graphic - Stroke"},{"ty":"tr","p":{"k":[26.186,36.87],"ix":2},"a":{"k":[0,0],"ix":1},"s":{"k":[100,100],"ix":3},"r":{"k":0,"ix":6},"o":{"k":100,"ix":7},"sk":{"k":0,"ix":4},"sa":{"k":0,"ix":5},"nm":"Transform"}],"nm":"Group 1","np":2,"mn":"ADBE Vector Group"},{"ty":"tm","s":{"k":0,"ix":1},"e":{"k":[{"i":{"x":[0.833],"y":[0.833]},"o":{"x":[0.167],"y":[0.167]},"n":["0p833_0p833_0p167_0p167"],"t":0,"s":[0],"e":[100]},{"t":59.0000024031193}],"ix":2},"o":{"k":0,"ix":3},"m":1,"ix":2,"nm":"Trim Paths 1","mn":"ADBE Vector Filter - Trim"}],"ip":0,"op":60.0000024438501,"st":0,"bm":0,"sr":1}],"v":"4.5.3","ddd":0,"ip":0,"op":60.0000024438501,"fr":29.9700012207031,"w":360,"h":150}